Cancer Site,Gender,Age At Diagnosis,Years Since Diagnosis,Survival 
Anus,Female,55 to 64,1,99.4
Anus,Female,65 to 74,1,98.1
Anus,Female,55 to 64,2,99.6
Anus,Female,65 to 74,2,98
Anus,Female,55 to 64,3,97.2
Anus,Female,65 to 74,3,94.9
Anus,Female,55 to 64,4,96.5
Anus,Female,65 to 74,4,88.5
Anus,Female,65 to 74,5,79.8
Anus,Female,15 to 44,1,95
Anus,Female,45 to 54,1,99.5
Anus,Female,55 to 64,1,96.2
Anus,Female,65 to 74,1,96.3
Anus,Female,15 to 44,2,89.4
Anus,Female,45 to 54,2,97.7
Anus,Female,55 to 64,2,92.1
Anus,Female,65 to 74,2,91.2
Anus,Female,55 to 64,3,90.7
Anus,Female,65 to 74,3,90.6
Anus,Female,55 to 64,4,91.3
Anus,Female,65 to 74,4,88.6
Anus,Female,55 to 64,5,89
Anus,Female,65 to 74,5,85.9
Anus,Female,15 to 44,1,96.1
Anus,Female,45 to 54,1,96
Anus,Female,55 to 64,1,97.2
Anus,Female,65 to 74,1,93.3
Anus,Female,15 to 44,2,82.2
Anus,Female,45 to 54,2,86.8
Anus,Female,55 to 64,2,87.1
Anus,Female,65 to 74,2,84.4
Anus,Female,15 to 44,3,77.1
Anus,Female,45 to 54,3,78.7
Anus,Female,55 to 64,3,81.7
Anus,Female,65 to 74,3,77.2
Anus,Female,15 to 44,4,75.6
Anus,Female,45 to 54,4,75.4
Anus,Female,55 to 64,4,78.1
Anus,Female,65 to 74,4,72.3
Anus,Female,15 to 44,5,70.7
Anus,Female,45 to 54,5,72
Anus,Female,55 to 64,5,74.2
Anus,Female,65 to 74,5,69.4
Anus,Female,15 to 44,1,79.2
Anus,Female,45 to 54,1,83
Anus,Female,55 to 64,1,58.8
Anus,Female,65 to 74,1,68.1
Anus,Female,55 to 64,2,37.2
Anus,Female,65 to 74,2,45.4
Anus,Female,45 to 54,3,55.8
Anus,Female,65 to 74,3,33.2
Anus,Female,45 to 54,4,49.8
Anus,Male,55 to 64,1,100.2
Anus,Male,65 to 74,1,98.5
Anus,Male,55 to 64,2,97.9
Anus,Male,65 to 74,2,92.6
Anus,Male,45 to 54,3,91.9
Anus,Male,55 to 64,3,94
Anus,Male,45 to 54,4,81.2
Anus,Male,55 to 64,4,87.9
Anus,Male,15 to 44,1,93.7
Anus,Male,45 to 54,1,94.3
Anus,Male,55 to 64,1,92.2
Anus,Male,65 to 74,1,93.1
Anus,Male,55 to 64,2,86.6
Anus,Male,65 to 74,2,83.2
Anus,Male,55 to 64,3,79.1
Anus,Male,65 to 74,3,79.2
Anus,Male,55 to 64,4,78
Anus,Male,65 to 74,4,68.5
Anus,Male,55 to 64,5,72.1
Anus,Male,65 to 74,5,70.6
Anus,Male,15 to 44,1,85.1
Anus,Male,45 to 54,1,92.5
Anus,Male,55 to 64,1,83.8
Anus,Male,65 to 74,1,84.5
Anus,Male,15 to 44,2,69.5
Anus,Male,45 to 54,2,76.9
Anus,Male,55 to 64,2,70.7
Anus,Male,65 to 74,2,72.5
Anus,Male,15 to 44,3,57.1
Anus,Male,45 to 54,3,73.9
Anus,Male,55 to 64,3,64.4
Anus,Male,65 to 74,3,62.7
Anus,Male,55 to 64,4,60.8
Anus,Male,65 to 74,4,55.5
Anus,Male,55 to 64,5,57.7
Anus,Male,55 to 64,1,49.2
Anus,Male,65 to 74,1,32.8
Anus,Male,45 to 54,2,55.9
Bladder,Female,15 to 44,1,95.7
Bladder,Female,45 to 54,1,97.4
Bladder,Female,55 to 64,1,95.5
Bladder,Female,65 to 74,1,94
Bladder,Female,55 to 64,2,92.1
Bladder,Female,65 to 74,2,88.9
Bladder,Female,55 to 64,3,89.8
Bladder,Female,65 to 74,3,84.7
Bladder,Female,55 to 64,4,87.5
Bladder,Female,65 to 74,4,82.7
Bladder,Female,55 to 64,5,86.8
Bladder,Female,65 to 74,5,80.5
Bladder,Female,15 to 44,1,60.9
Bladder,Female,45 to 54,1,81.7
Bladder,Female,55 to 64,1,78
Bladder,Female,65 to 74,1,70.4
Bladder,Female,15 to 44,2,51.9
Bladder,Female,45 to 54,2,66.7
Bladder,Female,55 to 64,2,60.9
Bladder,Female,65 to 74,2,55.1
Bladder,Female,55 to 64,3,56.4
Bladder,Female,65 to 74,3,48.8
Bladder,Female,55 to 64,4,54.1
Bladder,Female,65 to 74,4,45.2
Bladder,Female,55 to 64,5,50.3
Bladder,Female,65 to 74,5,44.5
Bladder,Female,15 to 44,1,66.7
Bladder,Female,45 to 54,1,64.9
Bladder,Female,55 to 64,1,68.7
Bladder,Female,65 to 74,1,60.4
Bladder,Female,55 to 64,2,54
Bladder,Female,65 to 74,2,46.8
Bladder,Female,55 to 64,3,45.6
Bladder,Female,65 to 74,3,42.8
Bladder,Female,65 to 74,4,40
Bladder,Female,65 to 74,5,37.3
Bladder,Female,15 to 44,1,35.6
Bladder,Female,45 to 54,1,30.3
Bladder,Female,55 to 64,1,34.7
Bladder,Female,65 to 74,1,30.2
Bladder,Female,55 to 64,2,23.2
Bladder,Female,65 to 74,2,17.8
Bladder,Female,55 to 64,3,20.8
Bladder,Female,65 to 74,3,12.2
Bladder,Female,55 to 64,4,19.7
Bladder,Female,65 to 74,4,9.8
Bladder,Female,55 to 64,5,16.4
Bladder,Male,15 to 44,1,98.2
Bladder,Male,45 to 54,1,97.4
Bladder,Male,55 to 64,1,98.2
Bladder,Male,65 to 74,1,96.4
Bladder,Male,15 to 44,2,95.3
Bladder,Male,45 to 54,2,93.2
Bladder,Male,55 to 64,2,94.9
Bladder,Male,65 to 74,2,91.9
Bladder,Male,55 to 64,3,92.5
Bladder,Male,65 to 74,3,87.3
Bladder,Male,55 to 64,4,90.9
Bladder,Male,65 to 74,4,84.2
Bladder,Male,55 to 64,5,88
Bladder,Male,65 to 74,5,81.3
Bladder,Male,15 to 44,1,82.7
Bladder,Male,45 to 54,1,87
Bladder,Male,55 to 64,1,84.6
Bladder,Male,65 to 74,1,80.1
Bladder,Male,15 to 44,2,70.8
Bladder,Male,45 to 54,2,71.1
Bladder,Male,55 to 64,2,69.3
Bladder,Male,65 to 74,2,66.3
Bladder,Male,55 to 64,3,61.6
Bladder,Male,65 to 74,3,58.7
Bladder,Male,55 to 64,4,59.5
Bladder,Male,65 to 74,4,55.9
Bladder,Male,55 to 64,5,56.6
Bladder,Male,65 to 74,5,52.3
Bladder,Male,15 to 44,1,69.3
Bladder,Male,45 to 54,1,78.7
Bladder,Male,55 to 64,1,75.5
Bladder,Male,65 to 74,1,73.6
Bladder,Male,15 to 44,2,53.3
Bladder,Male,45 to 54,2,66.8
Bladder,Male,55 to 64,2,60.3
Bladder,Male,65 to 74,2,57
Bladder,Male,55 to 64,3,55.1
Bladder,Male,65 to 74,3,50.1
Bladder,Male,55 to 64,4,51.7
Bladder,Male,65 to 74,4,46.9
Bladder,Male,55 to 64,5,46.2
Bladder,Male,65 to 74,5,40.1
Bladder,Male,55 to 64,1,36.2
Bladder,Male,65 to 74,1,38
Bladder,Male,55 to 64,2,22.9
Bladder,Male,65 to 74,2,21.3
Bladder,Male,55 to 64,3,18
Bladder,Male,65 to 74,3,16.1
Bladder,Male,55 to 64,4,14.7
Bladder,Male,65 to 74,4,15
Bladder,Male,65 to 74,5,13.8
Breast,Female,15 to 44,1,99.9
Breast,Female,45 to 54,1,100
Breast,Female,55 to 64,1,100.1
Breast,Female,65 to 74,1,100.1
Breast,Female,15 to 44,2,99.5
Breast,Female,45 to 54,2,99.8
Breast,Female,55 to 64,2,100
Breast,Female,65 to 74,2,100.1
Breast,Female,15 to 44,3,98.9
Breast,Female,45 to 54,3,99.5
Breast,Female,55 to 64,3,99.8
Breast,Female,65 to 74,3,100
Breast,Female,15 to 44,4,98.2
Breast,Female,45 to 54,4,99.3
Breast,Female,55 to 64,4,99.7
Breast,Female,65 to 74,4,100
Breast,Female,15 to 44,5,97.5
Breast,Female,45 to 54,5,99.1
Breast,Female,55 to 64,5,99.6
Breast,Female,65 to 74,5,99.8
Breast,Female,15 to 44,1,99.6
Breast,Female,45 to 54,1,99.7
Breast,Female,55 to 64,1,99.6
Breast,Female,65 to 74,1,99.4
Breast,Female,15 to 44,2,97.2
Breast,Female,45 to 54,2,98.1
Breast,Female,55 to 64,2,98.3
Breast,Female,65 to 74,2,98.1
Breast,Female,15 to 44,3,94.4
Breast,Female,45 to 54,3,96.6
Breast,Female,55 to 64,3,96.3
Breast,Female,65 to 74,3,96.1
Breast,Female,15 to 44,4,92.2
Breast,Female,45 to 54,4,95.2
Breast,Female,55 to 64,4,95
Breast,Female,65 to 74,4,94.2
Breast,Female,15 to 44,5,90.2
Breast,Female,45 to 54,5,94
Breast,Female,55 to 64,5,93.6
Breast,Female,65 to 74,5,92.7
Breast,Female,15 to 44,1,97.8
Breast,Female,45 to 54,1,98.1
Breast,Female,55 to 64,1,98
Breast,Female,65 to 74,1,96.7
Breast,Female,15 to 44,2,92.4
Breast,Female,45 to 54,2,94
Breast,Female,55 to 64,2,93.2
Breast,Female,65 to 74,2,90.8
Breast,Female,15 to 44,3,87.4
Breast,Female,45 to 54,3,89.5
Breast,Female,55 to 64,3,88.2
Breast,Female,65 to 74,3,85.1
Breast,Female,15 to 44,4,83.2
Breast,Female,45 to 54,4,85.7
Breast,Female,55 to 64,4,83.3
Breast,Female,65 to 74,4,80.1
Breast,Female,15 to 44,5,78.3
Breast,Female,45 to 54,5,82.6
Breast,Female,55 to 64,5,79.5
Breast,Female,65 to 74,5,75.4
Breast,Female,15 to 44,1,84
Breast,Female,45 to 54,1,80.4
Breast,Female,55 to 64,1,73.6
Breast,Female,65 to 74,1,67.6
Breast,Female,15 to 44,2,69.7
Breast,Female,45 to 54,2,68.4
Breast,Female,55 to 64,2,59.1
Breast,Female,65 to 74,2,54.5
Breast,Female,15 to 44,3,58.5
Breast,Female,45 to 54,3,58.2
Breast,Female,55 to 64,3,48.1
Breast,Female,65 to 74,3,40.7
Breast,Female,15 to 44,4,49.1
Breast,Female,45 to 54,4,49.3
Breast,Female,55 to 64,4,39.1
Breast,Female,65 to 74,4,32.7
Breast,Female,15 to 44,5,43
Breast,Female,45 to 54,5,42.5
Breast,Female,55 to 64,5,32.5
Breast,Female,65 to 74,5,25.8
Cervix,Female,15 to 44,1,99.3
Cervix,Female,45 to 54,1,99.4
Cervix,Female,55 to 64,1,98.1
Cervix,Female,65 to 74,1,100
Cervix,Female,15 to 44,2,98.6
Cervix,Female,45 to 54,2,96.3
Cervix,Female,55 to 64,2,95.2
Cervix,Female,65 to 74,2,95.5
Cervix,Female,15 to 44,3,97.6
Cervix,Female,45 to 54,3,95.2
Cervix,Female,55 to 64,3,93.9
Cervix,Female,65 to 74,3,91.8
Cervix,Female,15 to 44,4,96.6
Cervix,Female,45 to 54,4,94.4
Cervix,Female,55 to 64,4,93.7
Cervix,Female,65 to 74,4,92.2
Cervix,Female,15 to 44,5,96.3
Cervix,Female,45 to 54,5,93.9
Cervix,Female,55 to 64,5,91.9
Cervix,Female,15 to 44,1,96.2
Cervix,Female,45 to 54,1,95.2
Cervix,Female,55 to 64,1,96.2
Cervix,Female,65 to 74,1,92.5
Cervix,Female,15 to 44,2,88.7
Cervix,Female,45 to 54,2,87.7
Cervix,Female,55 to 64,2,92.8
Cervix,Female,65 to 74,2,81.8
Cervix,Female,15 to 44,3,80.1
Cervix,Female,45 to 54,3,82.6
Cervix,Female,55 to 64,3,87.6
Cervix,Female,65 to 74,3,75.5
Cervix,Female,15 to 44,4,76.9
Cervix,Female,45 to 54,4,76.9
Cervix,Female,55 to 64,4,83.8
Cervix,Female,65 to 74,4,67.3
Cervix,Female,15 to 44,5,73.7
Cervix,Female,45 to 54,5,74.2
Cervix,Female,55 to 64,5,80.9
Cervix,Female,65 to 74,5,65.1
Cervix,Female,15 to 44,1,83.2
Cervix,Female,45 to 54,1,90.3
Cervix,Female,55 to 64,1,84.5
Cervix,Female,65 to 74,1,79.3
Cervix,Female,15 to 44,2,64.2
Cervix,Female,45 to 54,2,72.8
Cervix,Female,55 to 64,2,63.8
Cervix,Female,65 to 74,2,70.7
Cervix,Female,15 to 44,3,55.6
Cervix,Female,45 to 54,3,64.1
Cervix,Female,55 to 64,3,56
Cervix,Female,65 to 74,3,59.3
Cervix,Female,15 to 44,4,53.6
Cervix,Female,45 to 54,4,60
Cervix,Female,55 to 64,4,49.4
Cervix,Female,15 to 44,5,45.5
Cervix,Female,45 to 54,5,56
Cervix,Female,65 to 74,5,41
Cervix,Female,15 to 44,1,57.7
Cervix,Female,45 to 54,1,63.6
Cervix,Female,55 to 64,1,55.6
Cervix,Female,65 to 74,1,41.6
Cervix,Female,15 to 44,2,35.1
Cervix,Female,45 to 54,2,40.7
Cervix,Female,55 to 64,2,35.7
Cervix,Female,65 to 74,2,23.2
Cervix,Female,15 to 44,3,28.5
Cervix,Female,45 to 54,3,33.3
Cervix,Female,55 to 64,3,28.9
Cervix,Female,15 to 44,4,27.1
Cervix,Female,45 to 54,4,28.9
Cervix,Female,55 to 64,4,20.8
Cervix,Female,45 to 54,5,25.9
Colon,Female,15 to 44,1,99.7
Colon,Female,45 to 54,1,99.2
Colon,Female,55 to 64,1,99.4
Colon,Female,65 to 74,1,98
Colon,Female,15 to 44,2,99.4
Colon,Female,45 to 54,2,98.3
Colon,Female,55 to 64,2,98.9
Colon,Female,65 to 74,2,96.7
Colon,Female,55 to 64,3,98
Colon,Female,65 to 74,3,95.5
Colon,Female,55 to 64,4,97.6
Colon,Female,65 to 74,4,94.8
Colon,Female,55 to 64,5,96.1
Colon,Female,65 to 74,5,93.6
Colon,Female,15 to 44,1,98
Colon,Female,45 to 54,1,97.8
Colon,Female,55 to 64,1,97.4
Colon,Female,65 to 74,1,95.2
Colon,Female,15 to 44,2,97.1
Colon,Female,45 to 54,2,96.2
Colon,Female,55 to 64,2,95.7
Colon,Female,65 to 74,2,92.7
Colon,Female,15 to 44,3,95.3
Colon,Female,45 to 54,3,93.8
Colon,Female,55 to 64,3,94.1
Colon,Female,65 to 74,3,91.2
Colon,Female,15 to 44,4,93.8
Colon,Female,45 to 54,4,92.9
Colon,Female,55 to 64,4,91.6
Colon,Female,65 to 74,4,89.4
Colon,Female,15 to 44,5,91.8
Colon,Female,45 to 54,5,92.1
Colon,Female,55 to 64,5,90.7
Colon,Female,65 to 74,5,88.1
Colon,Female,15 to 44,1,96.4
Colon,Female,45 to 54,1,95.2
Colon,Female,55 to 64,1,93.6
Colon,Female,65 to 74,1,89.4
Colon,Female,15 to 44,2,91
Colon,Female,45 to 54,2,88.3
Colon,Female,55 to 64,2,86.3
Colon,Female,65 to 74,2,81.2
Colon,Female,15 to 44,3,86.5
Colon,Female,45 to 54,3,83.3
Colon,Female,55 to 64,3,80.6
Colon,Female,65 to 74,3,75.3
Colon,Female,15 to 44,4,82.7
Colon,Female,45 to 54,4,78.1
Colon,Female,55 to 64,4,76.4
Colon,Female,65 to 74,4,70.9
Colon,Female,15 to 44,5,79.5
Colon,Female,45 to 54,5,74.8
Colon,Female,55 to 64,5,74.3
Colon,Female,65 to 74,5,68.8
Colon,Female,15 to 44,1,60.2
Colon,Female,45 to 54,1,57.5
Colon,Female,55 to 64,1,53.1
Colon,Female,65 to 74,1,41.5
Colon,Female,15 to 44,2,36.1
Colon,Female,45 to 54,2,36.9
Colon,Female,55 to 64,2,31.6
Colon,Female,65 to 74,2,23.3
Colon,Female,15 to 44,3,26.4
Colon,Female,45 to 54,3,27.4
Colon,Female,55 to 64,3,21.1
Colon,Female,65 to 74,3,14.9
Colon,Female,15 to 44,4,19.1
Colon,Female,45 to 54,4,21.4
Colon,Female,55 to 64,4,15.9
Colon,Female,65 to 74,4,12.3
Colon,Female,15 to 44,5,17
Colon,Female,45 to 54,5,18.3
Colon,Female,55 to 64,5,13.6
Colon,Female,65 to 74,5,10.3
Colon,Male,15 to 44,1,100
Colon,Male,45 to 54,1,98.9
Colon,Male,55 to 64,1,99
Colon,Male,65 to 74,1,97.8
Colon,Male,15 to 44,2,99.2
Colon,Male,45 to 54,2,97.8
Colon,Male,55 to 64,2,98.4
Colon,Male,65 to 74,2,96.6
Colon,Male,55 to 64,3,97.9
Colon,Male,65 to 74,3,95.3
Colon,Male,55 to 64,4,97.3
Colon,Male,65 to 74,4,93.9
Colon,Male,55 to 64,5,96.7
Colon,Male,65 to 74,5,93.3
Colon,Male,15 to 44,1,98.1
Colon,Male,45 to 54,1,98.2
Colon,Male,55 to 64,1,97
Colon,Male,65 to 74,1,96
Colon,Male,15 to 44,2,95.3
Colon,Male,45 to 54,2,95.8
Colon,Male,55 to 64,2,95.1
Colon,Male,65 to 74,2,93.8
Colon,Male,15 to 44,3,93.8
Colon,Male,45 to 54,3,93.2
Colon,Male,55 to 64,3,93.8
Colon,Male,65 to 74,3,91.5
Colon,Male,15 to 44,4,92.6
Colon,Male,45 to 54,4,90.8
Colon,Male,55 to 64,4,91.4
Colon,Male,65 to 74,4,88.8
Colon,Male,55 to 64,5,88.9
Colon,Male,65 to 74,5,87
Colon,Male,15 to 44,1,91.9
Colon,Male,45 to 54,1,93.3
Colon,Male,55 to 64,1,94
Colon,Male,65 to 74,1,90.2
Colon,Male,15 to 44,2,84.4
Colon,Male,45 to 54,2,85.4
Colon,Male,55 to 64,2,87
Colon,Male,65 to 74,2,81.7
Colon,Male,15 to 44,3,79.3
Colon,Male,45 to 54,3,79.9
Colon,Male,55 to 64,3,81.6
Colon,Male,65 to 74,3,75.3
Colon,Male,15 to 44,4,76
Colon,Male,45 to 54,4,74.1
Colon,Male,55 to 64,4,77.4
Colon,Male,65 to 74,4,69.3
Colon,Male,15 to 44,5,74.4
Colon,Male,45 to 54,5,69.1
Colon,Male,55 to 64,5,74.9
Colon,Male,65 to 74,5,67.4
Colon,Male,15 to 44,1,56.3
Colon,Male,45 to 54,1,54.6
Colon,Male,55 to 64,1,54.8
Colon,Male,65 to 74,1,44.2
Colon,Male,15 to 44,2,35.1
Colon,Male,45 to 54,2,34.8
Colon,Male,55 to 64,2,32.9
Colon,Male,65 to 74,2,26.6
Colon,Male,15 to 44,3,25.4
Colon,Male,45 to 54,3,22.1
Colon,Male,55 to 64,3,22.1
Colon,Male,65 to 74,3,16.9
Colon,Male,15 to 44,4,20.7
Colon,Male,45 to 54,4,17.6
Colon,Male,55 to 64,4,16.8
Colon,Male,65 to 74,4,12.7
Colon,Male,15 to 44,5,18.2
Colon,Male,45 to 54,5,13.8
Colon,Male,55 to 64,5,14.1
Colon,Male,65 to 74,5,10.6
Colorectal,Female,15 to 44,1,99.4
Colorectal,Female,45 to 54,1,99.6
Colorectal,Female,55 to 64,1,99.6
Colorectal,Female,65 to 74,1,98.6
Colorectal,Female,15 to 44,2,99.3
Colorectal,Female,45 to 54,2,99.1
Colorectal,Female,55 to 64,2,99
Colorectal,Female,65 to 74,2,97.3
Colorectal,Female,15 to 44,3,98.6
Colorectal,Female,45 to 54,3,98.5
Colorectal,Female,55 to 64,3,98
Colorectal,Female,65 to 74,3,96.5
Colorectal,Female,15 to 44,4,97.9
Colorectal,Female,45 to 54,4,97.9
Colorectal,Female,55 to 64,4,97.8
Colorectal,Female,65 to 74,4,95.4
Colorectal,Female,55 to 64,5,96.2
Colorectal,Female,65 to 74,5,93.9
Colorectal,Female,15 to 44,1,98.7
Colorectal,Female,45 to 54,1,97.7
Colorectal,Female,55 to 64,1,97.6
Colorectal,Female,65 to 74,1,95
Colorectal,Female,15 to 44,2,97.2
Colorectal,Female,45 to 54,2,96
Colorectal,Female,55 to 64,2,95.6
Colorectal,Female,65 to 74,2,92
Colorectal,Female,15 to 44,3,95.3
Colorectal,Female,45 to 54,3,93.6
Colorectal,Female,55 to 64,3,93.7
Colorectal,Female,65 to 74,3,89.7
Colorectal,Female,15 to 44,4,93.7
Colorectal,Female,45 to 54,4,91.8
Colorectal,Female,55 to 64,4,91.3
Colorectal,Female,65 to 74,4,88
Colorectal,Female,15 to 44,5,91.6
Colorectal,Female,45 to 54,5,90.7
Colorectal,Female,55 to 64,5,90.2
Colorectal,Female,65 to 74,5,86.5
Colorectal,Female,15 to 44,1,96.2
Colorectal,Female,45 to 54,1,96.1
Colorectal,Female,55 to 64,1,94.9
Colorectal,Female,65 to 74,1,90.9
Colorectal,Female,15 to 44,2,90.7
Colorectal,Female,45 to 54,2,89.3
Colorectal,Female,55 to 64,2,88.5
Colorectal,Female,65 to 74,2,83
Colorectal,Female,15 to 44,3,84.7
Colorectal,Female,45 to 54,3,84.4
Colorectal,Female,55 to 64,3,83.4
Colorectal,Female,65 to 74,3,77.2
Colorectal,Female,15 to 44,4,80.1
Colorectal,Female,45 to 54,4,80
Colorectal,Female,55 to 64,4,79
Colorectal,Female,65 to 74,4,72.7
Colorectal,Female,15 to 44,5,76.6
Colorectal,Female,45 to 54,5,77.7
Colorectal,Female,55 to 64,5,76.4
Colorectal,Female,65 to 74,5,70.3
Colorectal,Female,15 to 44,1,61.9
Colorectal,Female,45 to 54,1,60.4
Colorectal,Female,55 to 64,1,55.9
Colorectal,Female,65 to 74,1,43.4
Colorectal,Female,15 to 44,2,37.2
Colorectal,Female,45 to 54,2,39.2
Colorectal,Female,55 to 64,2,33.9
Colorectal,Female,65 to 74,2,25.5
Colorectal,Female,15 to 44,3,26.6
Colorectal,Female,45 to 54,3,28.8
Colorectal,Female,55 to 64,3,22.7
Colorectal,Female,65 to 74,3,16.5
Colorectal,Female,15 to 44,4,20.1
Colorectal,Female,45 to 54,4,22.7
Colorectal,Female,55 to 64,4,17.5
Colorectal,Female,65 to 74,4,13.5
Colorectal,Female,15 to 44,5,18.1
Colorectal,Female,45 to 54,5,18.4
Colorectal,Female,55 to 64,5,14.2
Colorectal,Female,65 to 74,5,11.1
Colorectal,Male,15 to 44,1,99.8
Colorectal,Male,45 to 54,1,98.9
Colorectal,Male,55 to 64,1,99.2
Colorectal,Male,65 to 74,1,98.1
Colorectal,Male,15 to 44,2,99.1
Colorectal,Male,45 to 54,2,98.4
Colorectal,Male,55 to 64,2,98.5
Colorectal,Male,65 to 74,2,96.9
Colorectal,Male,55 to 64,3,97.8
Colorectal,Male,65 to 74,3,95.6
Colorectal,Male,55 to 64,4,97.1
Colorectal,Male,65 to 74,4,94.2
Colorectal,Male,55 to 64,5,96.4
Colorectal,Male,65 to 74,5,93.6
Colorectal,Male,15 to 44,1,97.7
Colorectal,Male,45 to 54,1,98.4
Colorectal,Male,55 to 64,1,97.2
Colorectal,Male,65 to 74,1,95.5
Colorectal,Male,15 to 44,2,94.2
Colorectal,Male,45 to 54,2,95.2
Colorectal,Male,55 to 64,2,95
Colorectal,Male,65 to 74,2,92.6
Colorectal,Male,15 to 44,3,91.9
Colorectal,Male,45 to 54,3,91.7
Colorectal,Male,55 to 64,3,92.8
Colorectal,Male,65 to 74,3,89.7
Colorectal,Male,15 to 44,4,90.4
Colorectal,Male,45 to 54,4,89.2
Colorectal,Male,55 to 64,4,90.2
Colorectal,Male,65 to 74,4,87
Colorectal,Male,15 to 44,5,89.9
Colorectal,Male,45 to 54,5,87.3
Colorectal,Male,55 to 64,5,88
Colorectal,Male,65 to 74,5,84.6
Colorectal,Male,15 to 44,1,93.6
Colorectal,Male,45 to 54,1,94.5
Colorectal,Male,55 to 64,1,94.7
Colorectal,Male,65 to 74,1,92.1
Colorectal,Male,15 to 44,2,86.5
Colorectal,Male,45 to 54,2,87.4
Colorectal,Male,55 to 64,2,88.1
Colorectal,Male,65 to 74,2,83.7
Colorectal,Male,15 to 44,3,80.7
Colorectal,Male,45 to 54,3,82.1
Colorectal,Male,55 to 64,3,81.8
Colorectal,Male,65 to 74,3,76.5
Colorectal,Male,15 to 44,4,77.7
Colorectal,Male,45 to 54,4,76.4
Colorectal,Male,55 to 64,4,77.3
Colorectal,Male,65 to 74,4,71.1
Colorectal,Male,15 to 44,5,74.3
Colorectal,Male,45 to 54,5,72.2
Colorectal,Male,55 to 64,5,73.8
Colorectal,Male,65 to 74,5,68.9
Colorectal,Male,15 to 44,1,59.4
Colorectal,Male,45 to 54,1,60.4
Colorectal,Male,55 to 64,1,57.2
Colorectal,Male,65 to 74,1,48.2
Colorectal,Male,15 to 44,2,38.3
Colorectal,Male,45 to 54,2,38.5
Colorectal,Male,55 to 64,2,35.9
Colorectal,Male,65 to 74,2,30.1
Colorectal,Male,15 to 44,3,25.8
Colorectal,Male,45 to 54,3,25.1
Colorectal,Male,55 to 64,3,24.2
Colorectal,Male,65 to 74,3,19.6
Colorectal,Male,15 to 44,4,21.4
Colorectal,Male,45 to 54,4,18.5
Colorectal,Male,55 to 64,4,17.9
Colorectal,Male,65 to 74,4,14.3
Colorectal,Male,15 to 44,5,18.7
Colorectal,Male,45 to 54,5,14.3
Colorectal,Male,55 to 64,5,14.4
Colorectal,Male,65 to 74,5,11.9
Hodgkin lymphoma,Female,65 to 74,1,94.6
Hodgkin lymphoma,Female,65 to 74,2,84.8
Hodgkin lymphoma,Female,15 to 44,1,99.8
Hodgkin lymphoma,Female,45 to 54,1,98.3
Hodgkin lymphoma,Female,55 to 64,1,94.1
Hodgkin lymphoma,Female,65 to 74,1,87.9
Hodgkin lymphoma,Female,15 to 44,2,99.7
Hodgkin lymphoma,Female,45 to 54,2,96.6
Hodgkin lymphoma,Female,55 to 64,2,93.4
Hodgkin lymphoma,Female,65 to 74,2,86.9
Hodgkin lymphoma,Female,55 to 64,3,90.4
Hodgkin lymphoma,Female,65 to 74,3,86.8
Hodgkin lymphoma,Female,65 to 74,4,86.2
Hodgkin lymphoma,Female,15 to 44,1,99.6
Hodgkin lymphoma,Female,45 to 54,1,100
Hodgkin lymphoma,Female,55 to 64,1,96.7
Hodgkin lymphoma,Female,65 to 74,1,81.5
Hodgkin lymphoma,Female,15 to 44,2,99.3
Hodgkin lymphoma,Female,45 to 54,2,96.6
Hodgkin lymphoma,Female,55 to 64,2,93.3
Hodgkin lymphoma,Female,65 to 74,2,80.9
Hodgkin lymphoma,Female,15 to 44,3,98.8
Hodgkin lymphoma,Female,65 to 74,3,77.1
Hodgkin lymphoma,Female,15 to 44,4,97.3
Hodgkin lymphoma,Female,65 to 74,4,76.7
Hodgkin lymphoma,Female,65 to 74,5,76
Hodgkin lymphoma,Female,15 to 44,1,99
Hodgkin lymphoma,Female,45 to 54,1,97.6
Hodgkin lymphoma,Female,55 to 64,1,90.4
Hodgkin lymphoma,Female,65 to 74,1,75.4
Hodgkin lymphoma,Female,55 to 64,2,85.7
Hodgkin lymphoma,Female,65 to 74,2,62.1
Hodgkin lymphoma,Female,55 to 64,3,82.4
Hodgkin lymphoma,Female,65 to 74,3,59
Hodgkin lymphoma,Female,55 to 64,4,83
Hodgkin lymphoma,Female,65 to 74,4,56.7
Hodgkin lymphoma,Female,55 to 64,5,79.1
Hodgkin lymphoma,Female,65 to 74,5,52.7
Hodgkin lymphoma,Male,15 to 44,1,99.7
Hodgkin lymphoma,Male,45 to 54,1,99
Hodgkin lymphoma,Male,55 to 64,1,98.2
Hodgkin lymphoma,Male,65 to 74,1,94.2
Hodgkin lymphoma,Male,55 to 64,2,97.4
Hodgkin lymphoma,Male,65 to 74,2,86.5
Hodgkin lymphoma,Male,15 to 44,3,98.9
Hodgkin lymphoma,Male,15 to 44,4,96.8
Hodgkin lymphoma,Male,15 to 44,1,99.7
Hodgkin lymphoma,Male,45 to 54,1,98.5
Hodgkin lymphoma,Male,55 to 64,1,97.8
Hodgkin lymphoma,Male,65 to 74,1,86.4
Hodgkin lymphoma,Male,15 to 44,2,98.5
Hodgkin lymphoma,Male,45 to 54,2,98.3
Hodgkin lymphoma,Male,55 to 64,2,95.8
Hodgkin lymphoma,Male,65 to 74,2,81.2
Hodgkin lymphoma,Male,55 to 64,3,93.8
Hodgkin lymphoma,Male,65 to 74,3,78.9
Hodgkin lymphoma,Male,55 to 64,4,92
Hodgkin lymphoma,Male,65 to 74,4,69.9
Hodgkin lymphoma,Male,65 to 74,5,63.9
Hodgkin lymphoma,Male,15 to 44,1,99.6
Hodgkin lymphoma,Male,45 to 54,1,96.4
Hodgkin lymphoma,Male,55 to 64,1,90.8
Hodgkin lymphoma,Male,65 to 74,1,81.8
Hodgkin lymphoma,Male,15 to 44,2,98.5
Hodgkin lymphoma,Male,45 to 54,2,95.9
Hodgkin lymphoma,Male,55 to 64,2,86
Hodgkin lymphoma,Male,65 to 74,2,77.2
Hodgkin lymphoma,Male,15 to 44,3,97.9
Hodgkin lymphoma,Male,45 to 54,3,95.1
Hodgkin lymphoma,Male,55 to 64,3,84.8
Hodgkin lymphoma,Male,65 to 74,3,70.5
Hodgkin lymphoma,Male,15 to 44,4,96.4
Hodgkin lymphoma,Male,45 to 54,4,93.9
Hodgkin lymphoma,Male,55 to 64,4,83
Hodgkin lymphoma,Male,65 to 74,4,67
Hodgkin lymphoma,Male,15 to 44,5,95.8
Hodgkin lymphoma,Male,65 to 74,5,55.7
Hodgkin lymphoma,Male,15 to 44,1,97.2
Hodgkin lymphoma,Male,45 to 54,1,90.8
Hodgkin lymphoma,Male,55 to 64,1,83.5
Hodgkin lymphoma,Male,65 to 74,1,76.6
Hodgkin lymphoma,Male,15 to 44,2,95.8
Hodgkin lymphoma,Male,45 to 54,2,87.8
Hodgkin lymphoma,Male,55 to 64,2,82.2
Hodgkin lymphoma,Male,65 to 74,2,67.2
Hodgkin lymphoma,Male,15 to 44,3,95.2
Hodgkin lymphoma,Male,45 to 54,3,85.1
Hodgkin lymphoma,Male,55 to 64,3,78.4
Hodgkin lymphoma,Male,65 to 74,3,62
Hodgkin lymphoma,Male,15 to 44,4,94.3
Hodgkin lymphoma,Male,45 to 54,4,83.2
Hodgkin lymphoma,Male,65 to 74,4,56.9
Hodgkin lymphoma,Male,15 to 44,5,93.1
Hodgkin lymphoma,Male,65 to 74,5,54.2
Kidney,Female,15 to 44,1,99.9
Kidney,Female,45 to 54,1,99.7
Kidney,Female,55 to 64,1,98.9
Kidney,Female,65 to 74,1,97.5
Kidney,Female,15 to 44,2,99.8
Kidney,Female,45 to 54,2,99
Kidney,Female,55 to 64,2,97.6
Kidney,Female,65 to 74,2,95.3
Kidney,Female,55 to 64,3,96.9
Kidney,Female,65 to 74,3,94.1
Kidney,Female,55 to 64,4,95.4
Kidney,Female,65 to 74,4,93.2
Kidney,Female,55 to 64,5,94.2
Kidney,Female,65 to 74,5,92.1
Kidney,Female,15 to 44,1,98
Kidney,Female,45 to 54,1,98.9
Kidney,Female,55 to 64,1,96.4
Kidney,Female,65 to 74,1,92.4
Kidney,Female,15 to 44,2,97.1
Kidney,Female,45 to 54,2,95.7
Kidney,Female,55 to 64,2,93.8
Kidney,Female,65 to 74,2,90.3
Kidney,Female,55 to 64,3,92.8
Kidney,Female,65 to 74,3,87.7
Kidney,Female,55 to 64,4,91.1
Kidney,Female,65 to 74,4,84.4
Kidney,Female,55 to 64,5,88
Kidney,Female,65 to 74,5,85.2
Kidney,Female,15 to 44,1,95.9
Kidney,Female,45 to 54,1,94.2
Kidney,Female,55 to 64,1,94.2
Kidney,Female,65 to 74,1,92.4
Kidney,Female,15 to 44,2,91.5
Kidney,Female,45 to 54,2,89.5
Kidney,Female,55 to 64,2,89.4
Kidney,Female,65 to 74,2,87.9
Kidney,Female,15 to 44,3,84.1
Kidney,Female,45 to 54,3,86.5
Kidney,Female,55 to 64,3,86.1
Kidney,Female,65 to 74,3,83.2
Kidney,Female,15 to 44,4,79.1
Kidney,Female,45 to 54,4,83.3
Kidney,Female,55 to 64,4,81.6
Kidney,Female,65 to 74,4,78.8
Kidney,Female,55 to 64,5,80
Kidney,Female,65 to 74,5,73.3
Kidney,Female,15 to 44,1,44.8
Kidney,Female,45 to 54,1,49.4
Kidney,Female,55 to 64,1,48.1
Kidney,Female,65 to 74,1,38.4
Kidney,Female,15 to 44,2,34.1
Kidney,Female,45 to 54,2,38.8
Kidney,Female,55 to 64,2,32.8
Kidney,Female,65 to 74,2,24.6
Kidney,Female,15 to 44,3,28.6
Kidney,Female,45 to 54,3,31.2
Kidney,Female,55 to 64,3,24.3
Kidney,Female,65 to 74,3,18.3
Kidney,Female,15 to 44,4,28.6
Kidney,Female,45 to 54,4,22.9
Kidney,Female,55 to 64,4,18.3
Kidney,Female,65 to 74,4,13.9
Kidney,Female,55 to 64,5,16.9
Kidney,Female,65 to 74,5,11
Kidney,Male,15 to 44,1,99.6
Kidney,Male,45 to 54,1,99.2
Kidney,Male,55 to 64,1,98.4
Kidney,Male,65 to 74,1,97.5
Kidney,Male,15 to 44,2,99.2
Kidney,Male,45 to 54,2,98.6
Kidney,Male,55 to 64,2,97.1
Kidney,Male,65 to 74,2,95.4
Kidney,Male,15 to 44,3,98.8
Kidney,Male,45 to 54,3,97.6
Kidney,Male,55 to 64,3,95.4
Kidney,Male,65 to 74,3,93.7
Kidney,Male,55 to 64,4,92.6
Kidney,Male,65 to 74,4,92.1
Kidney,Male,55 to 64,5,91.3
Kidney,Male,65 to 74,5,89.8
Kidney,Male,15 to 44,1,99.4
Kidney,Male,45 to 54,1,97.9
Kidney,Male,55 to 64,1,97.7
Kidney,Male,65 to 74,1,93.8
Kidney,Male,15 to 44,2,98.8
Kidney,Male,45 to 54,2,96
Kidney,Male,55 to 64,2,95.8
Kidney,Male,65 to 74,2,90.1
Kidney,Male,15 to 44,3,96.3
Kidney,Male,45 to 54,3,93.2
Kidney,Male,55 to 64,3,93.5
Kidney,Male,65 to 74,3,85.3
Kidney,Male,55 to 64,4,93.3
Kidney,Male,65 to 74,4,85.1
Kidney,Male,55 to 64,5,91.6
Kidney,Male,65 to 74,5,80.2
Kidney,Male,15 to 44,1,96.6
Kidney,Male,45 to 54,1,96.5
Kidney,Male,55 to 64,1,95.1
Kidney,Male,65 to 74,1,93.9
Kidney,Male,15 to 44,2,91.7
Kidney,Male,45 to 54,2,93.9
Kidney,Male,55 to 64,2,90.7
Kidney,Male,65 to 74,2,89.2
Kidney,Male,15 to 44,3,90.4
Kidney,Male,45 to 54,3,90.4
Kidney,Male,55 to 64,3,86.9
Kidney,Male,65 to 74,3,85.3
Kidney,Male,15 to 44,4,86.6
Kidney,Male,45 to 54,4,88
Kidney,Male,55 to 64,4,83.3
Kidney,Male,65 to 74,4,82
Kidney,Male,15 to 44,5,81.4
Kidney,Male,45 to 54,5,85.2
Kidney,Male,55 to 64,5,80.6
Kidney,Male,65 to 74,5,77.6
Kidney,Male,15 to 44,1,50.4
Kidney,Male,45 to 54,1,50.5
Kidney,Male,55 to 64,1,51.7
Kidney,Male,65 to 74,1,41.6
Kidney,Male,15 to 44,2,34.7
Kidney,Male,45 to 54,2,37
Kidney,Male,55 to 64,2,38.6
Kidney,Male,65 to 74,2,28.4
Kidney,Male,15 to 44,3,29.1
Kidney,Male,45 to 54,3,29
Kidney,Male,55 to 64,3,29.4
Kidney,Male,65 to 74,3,21.4
Kidney,Male,15 to 44,4,24.2
Kidney,Male,45 to 54,4,23.8
Kidney,Male,55 to 64,4,25.9
Kidney,Male,65 to 74,4,16.3
Kidney,Male,55 to 64,5,22.5
Kidney,Male,65 to 74,5,13.3
Larynx,Male,55 to 64,1,99
Larynx,Male,65 to 74,1,99.8
Larynx,Male,55 to 64,2,97.1
Larynx,Male,65 to 74,2,96.5
Larynx,Male,55 to 64,3,93.1
Larynx,Male,65 to 74,3,95
Larynx,Male,55 to 64,4,90.6
Larynx,Male,65 to 74,4,91.3
Larynx,Male,55 to 64,5,88.6
Larynx,Male,65 to 74,5,88.2
Larynx,Male,15 to 44,1,100
Larynx,Male,45 to 54,1,96.9
Larynx,Male,55 to 64,1,98.2
Larynx,Male,65 to 74,1,94.6
Larynx,Male,15 to 44,2,90.9
Larynx,Male,45 to 54,2,92.6
Larynx,Male,55 to 64,2,91.6
Larynx,Male,65 to 74,2,88.7
Larynx,Male,55 to 64,3,87.7
Larynx,Male,65 to 74,3,81.3
Larynx,Male,55 to 64,4,83.2
Larynx,Male,65 to 74,4,74.6
Larynx,Male,55 to 64,5,82.1
Larynx,Male,65 to 74,5,71.7
Larynx,Male,15 to 44,1,95.6
Larynx,Male,45 to 54,1,91.3
Larynx,Male,55 to 64,1,88.6
Larynx,Male,65 to 74,1,83.6
Larynx,Male,15 to 44,2,81.4
Larynx,Male,45 to 54,2,81.9
Larynx,Male,55 to 64,2,75.3
Larynx,Male,65 to 74,2,71
Larynx,Male,55 to 64,3,70.7
Larynx,Male,65 to 74,3,62.7
Larynx,Male,55 to 64,4,64.9
Larynx,Male,65 to 74,4,55.9
Larynx,Male,55 to 64,5,61.4
Larynx,Male,65 to 74,5,50.8
Larynx,Male,15 to 44,1,78.5
Larynx,Male,45 to 54,1,70.4
Larynx,Male,55 to 64,1,72.5
Larynx,Male,65 to 74,1,64
Larynx,Male,15 to 44,2,66.9
Larynx,Male,45 to 54,2,55
Larynx,Male,55 to 64,2,56.3
Larynx,Male,65 to 74,2,48.4
Larynx,Male,15 to 44,3,59.2
Larynx,Male,45 to 54,3,48.7
Larynx,Male,55 to 64,3,46.2
Larynx,Male,65 to 74,3,37.9
Larynx,Male,55 to 64,4,40.5
Larynx,Male,65 to 74,4,34.1
Larynx,Male,55 to 64,5,37
Larynx,Male,65 to 74,5,30.2
Liver,Female,55 to 64,1,89.3
Liver,Female,65 to 74,1,78.4
Liver,Female,55 to 64,2,71.1
Liver,Female,65 to 74,2,61.5
Liver,Female,55 to 64,3,66.3
Liver,Female,65 to 74,3,48.2
Liver,Female,55 to 64,4,63.3
Liver,Female,65 to 74,4,41.7
Liver,Female,65 to 74,5,39
Liver,Female,15 to 44,1,100
Liver,Female,45 to 54,1,79.7
Liver,Female,55 to 64,1,70.9
Liver,Female,65 to 74,1,72.5
Liver,Female,15 to 44,2,78.8
Liver,Female,45 to 54,2,67.2
Liver,Female,55 to 64,2,62.2
Liver,Female,65 to 74,2,51.9
Liver,Female,55 to 64,3,57.2
Liver,Female,65 to 74,3,41.4
Liver,Female,55 to 64,4,52.3
Liver,Female,65 to 74,4,30.4
Liver,Female,15 to 44,1,66.7
Liver,Female,45 to 54,1,59.1
Liver,Female,55 to 64,1,41.2
Liver,Female,65 to 74,1,41.7
Liver,Female,55 to 64,2,24.2
Liver,Female,65 to 74,2,27.7
Liver,Female,15 to 44,1,41.5
Liver,Female,45 to 54,1,36.6
Liver,Female,55 to 64,1,26.2
Liver,Female,65 to 74,1,20.1
Liver,Female,55 to 64,2,10.9
Liver,Female,65 to 74,2,8.8
Liver,Female,55 to 64,3,7.7
Liver,Female,65 to 74,3,4.4
Liver,Male,55 to 64,1,81.5
Liver,Male,65 to 74,1,83.6
Liver,Male,55 to 64,2,70.3
Liver,Male,65 to 74,2,67.5
Liver,Male,55 to 64,3,58.9
Liver,Male,65 to 74,3,58.4
Liver,Male,55 to 64,4,53.4
Liver,Male,65 to 74,4,51.5
Liver,Male,55 to 64,5,48.8
Liver,Male,65 to 74,5,45.4
Liver,Male,15 to 44,1,83.4
Liver,Male,45 to 54,1,74.2
Liver,Male,55 to 64,1,76.1
Liver,Male,65 to 74,1,75.7
Liver,Male,15 to 44,2,78.7
Liver,Male,45 to 54,2,62
Liver,Male,55 to 64,2,59.1
Liver,Male,65 to 74,2,57.2
Liver,Male,15 to 44,3,73.6
Liver,Male,45 to 54,3,53.8
Liver,Male,55 to 64,3,46.8
Liver,Male,65 to 74,3,48
Liver,Male,15 to 44,4,65.9
Liver,Male,45 to 54,4,46.5
Liver,Male,55 to 64,4,40.2
Liver,Male,65 to 74,4,38.3
Liver,Male,55 to 64,5,38.6
Liver,Male,65 to 74,5,34
Liver,Male,15 to 44,1,47.4
Liver,Male,45 to 54,1,37.5
Liver,Male,55 to 64,1,48.8
Liver,Male,65 to 74,1,42.1
Liver,Male,55 to 64,2,30.7
Liver,Male,65 to 74,2,23.3
Liver,Male,55 to 64,3,21.6
Liver,Male,65 to 74,3,14.1
Liver,Male,55 to 64,4,18.3
Liver,Male,65 to 74,4,10
Liver,Male,55 to 64,5,14.1
Liver,Male,15 to 44,1,28
Liver,Male,45 to 54,1,26.1
Liver,Male,55 to 64,1,21.8
Liver,Male,65 to 74,1,18.4
Liver,Male,15 to 44,2,22
Liver,Male,45 to 54,2,11.9
Liver,Male,55 to 64,2,9.4
Liver,Male,65 to 74,2,7.2
Liver,Male,55 to 64,3,5.2
Liver,Male,65 to 74,3,4.2
Liver,Male,65 to 74,4,3.3
Lung,Female,15 to 44,1,98.1
Lung,Female,45 to 54,1,96.9
Lung,Female,55 to 64,1,94.6
Lung,Female,65 to 74,1,93
Lung,Female,55 to 64,2,88.3
Lung,Female,65 to 74,2,84.3
Lung,Female,55 to 64,3,82.3
Lung,Female,65 to 74,3,77.6
Lung,Female,55 to 64,4,78.1
Lung,Female,65 to 74,4,71.8
Lung,Female,55 to 64,5,75.4
Lung,Female,65 to 74,5,67.8
Lung,Female,15 to 44,1,93.9
Lung,Female,45 to 54,1,90.4
Lung,Female,55 to 64,1,87
Lung,Female,65 to 74,1,79.3
Lung,Female,15 to 44,2,89.8
Lung,Female,45 to 54,2,79.1
Lung,Female,55 to 64,2,72.5
Lung,Female,65 to 74,2,64.4
Lung,Female,15 to 44,3,87.1
Lung,Female,45 to 54,3,70.4
Lung,Female,55 to 64,3,65.1
Lung,Female,65 to 74,3,55.2
Lung,Female,15 to 44,4,81.3
Lung,Female,45 to 54,4,63.6
Lung,Female,55 to 64,4,59.6
Lung,Female,65 to 74,4,47.1
Lung,Female,15 to 44,5,76.9
Lung,Female,45 to 54,5,60.5
Lung,Female,55 to 64,5,54.9
Lung,Female,65 to 74,5,43.5
Lung,Female,15 to 44,1,73.6
Lung,Female,45 to 54,1,68.8
Lung,Female,55 to 64,1,64
Lung,Female,65 to 74,1,56.1
Lung,Female,15 to 44,2,50
Lung,Female,45 to 54,2,46.8
Lung,Female,55 to 64,2,42.6
Lung,Female,65 to 74,2,35
Lung,Female,15 to 44,3,43.7
Lung,Female,45 to 54,3,38.6
Lung,Female,55 to 64,3,32.8
Lung,Female,65 to 74,3,25.2
Lung,Female,15 to 44,4,38.7
Lung,Female,45 to 54,4,33.7
Lung,Female,55 to 64,4,27.6
Lung,Female,65 to 74,4,20.8
Lung,Female,55 to 64,5,23.8
Lung,Female,65 to 74,5,17
Lung,Female,15 to 44,1,46.1
Lung,Female,45 to 54,1,35.1
Lung,Female,55 to 64,1,28.8
Lung,Female,65 to 74,1,23.9
Lung,Female,15 to 44,2,30.1
Lung,Female,45 to 54,2,18.2
Lung,Female,55 to 64,2,15.2
Lung,Female,65 to 74,2,12
Lung,Female,15 to 44,3,22.4
Lung,Female,45 to 54,3,12.6
Lung,Female,55 to 64,3,10.3
Lung,Female,65 to 74,3,7.7
Lung,Female,15 to 44,4,19.1
Lung,Female,45 to 54,4,9.6
Lung,Female,55 to 64,4,7.8
Lung,Female,65 to 74,4,5.5
Lung,Female,15 to 44,5,16
Lung,Female,45 to 54,5,8.4
Lung,Female,55 to 64,5,6.7
Lung,Female,65 to 74,5,4.1
Lung,Male,15 to 44,1,98.7
Lung,Male,45 to 54,1,91.4
Lung,Male,55 to 64,1,89.9
Lung,Male,65 to 74,1,87.2
Lung,Male,15 to 44,2,96.8
Lung,Male,45 to 54,2,82.8
Lung,Male,55 to 64,2,79.8
Lung,Male,65 to 74,2,75.3
Lung,Male,15 to 44,3,91.5
Lung,Male,45 to 54,3,77.4
Lung,Male,55 to 64,3,72.1
Lung,Male,65 to 74,3,66.9
Lung,Male,55 to 64,4,67.7
Lung,Male,65 to 74,4,60.4
Lung,Male,55 to 64,5,63.8
Lung,Male,65 to 74,5,56
Lung,Male,15 to 44,1,96.3
Lung,Male,45 to 54,1,83.9
Lung,Male,55 to 64,1,80.9
Lung,Male,65 to 74,1,75.3
Lung,Male,15 to 44,2,92.6
Lung,Male,45 to 54,2,66.7
Lung,Male,55 to 64,2,65.6
Lung,Male,65 to 74,2,57.2
Lung,Male,15 to 44,3,84.9
Lung,Male,45 to 54,3,58.1
Lung,Male,55 to 64,3,57.2
Lung,Male,65 to 74,3,48.2
Lung,Male,15 to 44,4,78.1
Lung,Male,45 to 54,4,52.9
Lung,Male,55 to 64,4,51
Lung,Male,65 to 74,4,41.4
Lung,Male,55 to 64,5,46.9
Lung,Male,65 to 74,5,35.9
Lung,Male,15 to 44,1,62.8
Lung,Male,45 to 54,1,59.9
Lung,Male,55 to 64,1,57
Lung,Male,65 to 74,1,51.3
Lung,Male,15 to 44,2,48.9
Lung,Male,45 to 54,2,38.9
Lung,Male,55 to 64,2,34.9
Lung,Male,65 to 74,2,30.6
Lung,Male,15 to 44,3,42.7
Lung,Male,45 to 54,3,29.1
Lung,Male,55 to 64,3,26.3
Lung,Male,65 to 74,3,21.6
Lung,Male,15 to 44,4,36.8
Lung,Male,45 to 54,4,26.1
Lung,Male,55 to 64,4,21.6
Lung,Male,65 to 74,4,16.4
Lung,Male,55 to 64,5,18.8
Lung,Male,65 to 74,5,13.2
Lung,Male,15 to 44,1,32.8
Lung,Male,45 to 54,1,25.6
Lung,Male,55 to 64,1,21.7
Lung,Male,65 to 74,1,18.2
Lung,Male,15 to 44,2,22.5
Lung,Male,45 to 54,2,13.1
Lung,Male,55 to 64,2,10.5
Lung,Male,65 to 74,2,7.9
Lung,Male,15 to 44,3,15.1
Lung,Male,45 to 54,3,9
Lung,Male,55 to 64,3,7.1
Lung,Male,65 to 74,3,4.8
Lung,Male,15 to 44,4,12.9
Lung,Male,45 to 54,4,7.1
Lung,Male,55 to 64,4,5.2
Lung,Male,65 to 74,4,3.3
Lung,Male,15 to 44,5,12
Lung,Male,45 to 54,5,6.5
Lung,Male,55 to 64,5,4.6
Lung,Male,65 to 74,5,2.5
Melanoma,Female,15 to 44,1,100
Melanoma,Female,45 to 54,1,100.1
Melanoma,Female,55 to 64,1,100.2
Melanoma,Female,65 to 74,1,100.5
Melanoma,Female,15 to 44,2,99.9
Melanoma,Female,45 to 54,2,99.9
Melanoma,Female,55 to 64,2,100.3
Melanoma,Female,65 to 74,2,100.9
Melanoma,Female,15 to 44,3,99.9
Melanoma,Female,45 to 54,3,99.9
Melanoma,Female,55 to 64,3,100.3
Melanoma,Female,65 to 74,3,101
Melanoma,Female,15 to 44,4,99.7
Melanoma,Female,45 to 54,4,99.4
Melanoma,Female,55 to 64,4,100.1
Melanoma,Female,65 to 74,4,101
Melanoma,Female,55 to 64,5,99.9
Melanoma,Female,65 to 74,5,101
Melanoma,Female,15 to 44,1,98.9
Melanoma,Female,45 to 54,1,99.3
Melanoma,Female,55 to 64,1,98.4
Melanoma,Female,65 to 74,1,98.1
Melanoma,Female,15 to 44,2,98.2
Melanoma,Female,45 to 54,2,97.2
Melanoma,Female,55 to 64,2,94.9
Melanoma,Female,65 to 74,2,94.5
Melanoma,Female,15 to 44,3,95.3
Melanoma,Female,45 to 54,3,94.8
Melanoma,Female,55 to 64,3,89.6
Melanoma,Female,65 to 74,3,90.8
Melanoma,Female,15 to 44,4,93.7
Melanoma,Female,45 to 54,4,92.8
Melanoma,Female,55 to 64,4,86.2
Melanoma,Female,65 to 74,4,86.5
Melanoma,Female,15 to 44,5,93.1
Melanoma,Female,45 to 54,5,92.1
Melanoma,Female,55 to 64,5,82.4
Melanoma,Female,65 to 74,5,84.9
Melanoma,Female,15 to 44,1,98.7
Melanoma,Female,45 to 54,1,98.4
Melanoma,Female,55 to 64,1,95.2
Melanoma,Female,65 to 74,1,95
Melanoma,Female,15 to 44,2,94.2
Melanoma,Female,45 to 54,2,94.3
Melanoma,Female,55 to 64,2,87.2
Melanoma,Female,65 to 74,2,88
Melanoma,Female,15 to 44,3,90.2
Melanoma,Female,45 to 54,3,89.8
Melanoma,Female,55 to 64,3,81.6
Melanoma,Female,65 to 74,3,79.7
Melanoma,Female,55 to 64,4,75.7
Melanoma,Female,65 to 74,4,74.9
Melanoma,Female,55 to 64,5,74.1
Melanoma,Female,65 to 74,5,71
Melanoma,Female,15 to 44,1,59.7
Melanoma,Female,45 to 54,1,69.9
Melanoma,Female,55 to 64,1,55
Melanoma,Female,65 to 74,1,56.8
Melanoma,Female,15 to 44,2,44.7
Melanoma,Female,45 to 54,2,56.8
Melanoma,Female,55 to 64,2,49.6
Melanoma,Female,65 to 74,2,46.4
Melanoma,Female,15 to 44,3,39.6
Melanoma,Female,45 to 54,3,52.5
Melanoma,Female,55 to 64,3,41
Melanoma,Female,65 to 74,3,40.7
Melanoma,Female,45 to 54,4,43.6
Melanoma,Female,65 to 74,4,33.7
Melanoma,Female,65 to 74,5,29.7
Melanoma,Male,15 to 44,1,99.9
Melanoma,Male,45 to 54,1,100
Melanoma,Male,55 to 64,1,100.1
Melanoma,Male,65 to 74,1,100.9
Melanoma,Male,15 to 44,2,99.8
Melanoma,Male,45 to 54,2,99.9
Melanoma,Male,55 to 64,2,100.3
Melanoma,Male,65 to 74,2,100.7
Melanoma,Male,15 to 44,3,99.3
Melanoma,Male,45 to 54,3,99.8
Melanoma,Male,55 to 64,3,100.2
Melanoma,Male,65 to 74,3,100.8
Melanoma,Male,15 to 44,4,98.9
Melanoma,Male,45 to 54,4,99.7
Melanoma,Male,55 to 64,4,100
Melanoma,Male,65 to 74,4,101.1
Melanoma,Male,15 to 44,5,98.4
Melanoma,Male,45 to 54,5,99.2
Melanoma,Male,55 to 64,5,99.7
Melanoma,Male,65 to 74,5,101.5
Melanoma,Male,15 to 44,1,98.3
Melanoma,Male,45 to 54,1,98.5
Melanoma,Male,55 to 64,1,98.5
Melanoma,Male,65 to 74,1,97.7
Melanoma,Male,15 to 44,2,95.3
Melanoma,Male,45 to 54,2,94.3
Melanoma,Male,55 to 64,2,93.9
Melanoma,Male,65 to 74,2,92.8
Melanoma,Male,15 to 44,3,91
Melanoma,Male,45 to 54,3,90.6
Melanoma,Male,55 to 64,3,89.2
Melanoma,Male,65 to 74,3,87.7
Melanoma,Male,15 to 44,4,88.1
Melanoma,Male,45 to 54,4,88.4
Melanoma,Male,55 to 64,4,85.6
Melanoma,Male,65 to 74,4,83.2
Melanoma,Male,15 to 44,5,84.7
Melanoma,Male,45 to 54,5,85.9
Melanoma,Male,55 to 64,5,82.7
Melanoma,Male,65 to 74,5,79
Melanoma,Male,15 to 44,1,96.6
Melanoma,Male,45 to 54,1,96.4
Melanoma,Male,55 to 64,1,96.7
Melanoma,Male,65 to 74,1,95.6
Melanoma,Male,15 to 44,2,92.1
Melanoma,Male,45 to 54,2,88.2
Melanoma,Male,55 to 64,2,86.7
Melanoma,Male,65 to 74,2,85.4
Melanoma,Male,15 to 44,3,87.6
Melanoma,Male,45 to 54,3,82.8
Melanoma,Male,55 to 64,3,79.7
Melanoma,Male,65 to 74,3,76.3
Melanoma,Male,15 to 44,4,83.9
Melanoma,Male,45 to 54,4,78.9
Melanoma,Male,55 to 64,4,73.7
Melanoma,Male,65 to 74,4,72.5
Melanoma,Male,15 to 44,5,81
Melanoma,Male,45 to 54,5,77
Melanoma,Male,55 to 64,5,70.8
Melanoma,Male,65 to 74,5,68.8
Melanoma,Male,15 to 44,1,61.6
Melanoma,Male,45 to 54,1,54.1
Melanoma,Male,55 to 64,1,51.4
Melanoma,Male,65 to 74,1,50.9
Melanoma,Male,15 to 44,2,50.4
Melanoma,Male,45 to 54,2,46.6
Melanoma,Male,55 to 64,2,41.4
Melanoma,Male,65 to 74,2,40.8
Melanoma,Male,15 to 44,3,48.3
Melanoma,Male,45 to 54,3,38.5
Melanoma,Male,55 to 64,3,39.5
Melanoma,Male,65 to 74,3,36
Melanoma,Male,55 to 64,4,36.5
Melanoma,Male,65 to 74,4,33.9
Mesothelioma,Female,55 to 64,1,70.9
Mesothelioma,Female,65 to 74,1,64.7
Mesothelioma,Female,65 to 74,2,42.4
Mesothelioma,Female,65 to 74,3,29.4
Mesothelioma,Female,55 to 64,1,100
Mesothelioma,Female,65 to 74,1,57.5
Mesothelioma,Female,65 to 74,2,49.9
Mesothelioma,Female,55 to 64,1,63.6
Mesothelioma,Female,65 to 74,1,52.4
Mesothelioma,Female,45 to 54,2,64.4
Mesothelioma,Female,65 to 74,2,26.3
Mesothelioma,Female,55 to 64,1,43.4
Mesothelioma,Female,65 to 74,1,31.7
Mesothelioma,Male,55 to 64,1,62.1
Mesothelioma,Male,65 to 74,1,62.5
Mesothelioma,Male,55 to 64,2,36.2
Mesothelioma,Male,65 to 74,2,31.5
Mesothelioma,Male,65 to 74,3,16.7
Mesothelioma,Male,65 to 74,4,10.9
Mesothelioma,Male,55 to 64,1,68.7
Mesothelioma,Male,65 to 74,1,65.5
Mesothelioma,Male,55 to 64,2,40
Mesothelioma,Male,65 to 74,2,33.6
Mesothelioma,Male,65 to 74,3,16.9
Mesothelioma,Male,55 to 64,1,50.7
Mesothelioma,Male,65 to 74,1,47.3
Mesothelioma,Male,55 to 64,2,21.6
Mesothelioma,Male,65 to 74,2,20.4
Mesothelioma,Male,65 to 74,3,11.1
Mesothelioma,Male,65 to 74,4,6.2
Mesothelioma,Male,55 to 64,1,33.4
Mesothelioma,Male,65 to 74,1,29
Mesothelioma,Male,65 to 74,2,13.3
Mesothelioma,Male,65 to 74,3,7.3
Myeloma,Female,55 to 64,1,98.6
Myeloma,Female,65 to 74,1,95.7
Myeloma,Female,55 to 64,2,94.7
Myeloma,Female,65 to 74,2,90.3
Myeloma,Female,55 to 64,3,90.8
Myeloma,Female,65 to 74,3,86.5
Myeloma,Female,55 to 64,4,87.5
Myeloma,Female,65 to 74,4,84.6
Myeloma,Female,55 to 64,5,84.8
Myeloma,Female,65 to 74,5,79.7
Myeloma,Female,55 to 64,1,94.2
Myeloma,Female,65 to 74,1,90.5
Myeloma,Female,55 to 64,2,86.5
Myeloma,Female,65 to 74,2,86
Myeloma,Female,55 to 64,3,80.3
Myeloma,Female,65 to 74,3,76.2
Myeloma,Female,55 to 64,4,73.5
Myeloma,Female,65 to 74,4,68.1
Myeloma,Female,55 to 64,5,69
Myeloma,Female,65 to 74,5,61.6
Myeloma,Female,15 to 44,1,84.3
Myeloma,Female,45 to 54,1,92
Myeloma,Female,55 to 64,1,87.5
Myeloma,Female,65 to 74,1,83.5
Myeloma,Female,15 to 44,2,71.9
Myeloma,Female,45 to 54,2,82.1
Myeloma,Female,55 to 64,2,75.6
Myeloma,Female,65 to 74,2,73.1
Myeloma,Female,55 to 64,3,63.2
Myeloma,Female,65 to 74,3,64.8
Myeloma,Female,55 to 64,4,57.3
Myeloma,Female,65 to 74,4,52.2
Myeloma,Female,55 to 64,5,51.7
Myeloma,Female,65 to 74,5,44.1
Myeloma,Male,55 to 64,1,98.4
Myeloma,Male,65 to 74,1,95.4
Myeloma,Male,55 to 64,2,96.2
Myeloma,Male,65 to 74,2,90.3
Myeloma,Male,55 to 64,3,93.1
Myeloma,Male,65 to 74,3,84.9
Myeloma,Male,55 to 64,4,89
Myeloma,Male,65 to 74,4,80.9
Myeloma,Male,45 to 54,5,83.5
Myeloma,Male,65 to 74,5,75
Myeloma,Male,15 to 44,1,97.3
Myeloma,Male,45 to 54,1,94.5
Myeloma,Male,55 to 64,1,93.7
Myeloma,Male,65 to 74,1,91.8
Myeloma,Male,15 to 44,2,94.6
Myeloma,Male,45 to 54,2,86.9
Myeloma,Male,55 to 64,2,86
Myeloma,Male,65 to 74,2,83.8
Myeloma,Male,15 to 44,3,87.4
Myeloma,Male,45 to 54,3,79.1
Myeloma,Male,55 to 64,3,80.2
Myeloma,Male,65 to 74,3,76
Myeloma,Male,15 to 44,4,79.6
Myeloma,Male,45 to 54,4,73.8
Myeloma,Male,55 to 64,4,70.2
Myeloma,Male,65 to 74,4,68
Myeloma,Male,55 to 64,5,57.7
Myeloma,Male,65 to 74,5,61
Myeloma,Male,15 to 44,1,82.7
Myeloma,Male,45 to 54,1,88.7
Myeloma,Male,55 to 64,1,84
Myeloma,Male,65 to 74,1,79.4
Myeloma,Male,15 to 44,2,73.7
Myeloma,Male,45 to 54,2,82.9
Myeloma,Male,55 to 64,2,72.9
Myeloma,Male,65 to 74,2,63.8
Myeloma,Male,15 to 44,3,73.8
Myeloma,Male,45 to 54,3,72.7
Myeloma,Male,55 to 64,3,64.4
Myeloma,Male,65 to 74,3,55.4
Myeloma,Male,55 to 64,4,56.7
Myeloma,Male,65 to 74,4,47.5
Myeloma,Male,55 to 64,5,48.3
Myeloma,Male,65 to 74,5,42
Oesophagus,Female,15 to 44,1,91.7
Oesophagus,Female,45 to 54,1,91.8
Oesophagus,Female,55 to 64,1,89.4
Oesophagus,Female,65 to 74,1,86.2
Oesophagus,Female,55 to 64,2,80.2
Oesophagus,Female,65 to 74,2,74.4
Oesophagus,Female,55 to 64,3,74.7
Oesophagus,Female,65 to 74,3,62.2
Oesophagus,Female,55 to 64,4,69.7
Oesophagus,Female,65 to 74,4,60.5
Oesophagus,Female,55 to 64,5,66.3
Oesophagus,Female,15 to 44,1,83.4
Oesophagus,Female,45 to 54,1,75.2
Oesophagus,Female,55 to 64,1,78.8
Oesophagus,Female,65 to 74,1,76
Oesophagus,Female,55 to 64,2,59.7
Oesophagus,Female,65 to 74,2,54.7
Oesophagus,Female,55 to 64,3,49.7
Oesophagus,Female,65 to 74,3,44.8
Oesophagus,Female,55 to 64,4,45.4
Oesophagus,Female,65 to 74,4,40.8
Oesophagus,Female,55 to 64,5,43.2
Oesophagus,Female,65 to 74,5,39.6
Oesophagus,Female,15 to 44,1,77.3
Oesophagus,Female,45 to 54,1,65.4
Oesophagus,Female,55 to 64,1,65.1
Oesophagus,Female,65 to 74,1,59
Oesophagus,Female,15 to 44,2,62.2
Oesophagus,Female,45 to 54,2,45.2
Oesophagus,Female,55 to 64,2,43.2
Oesophagus,Female,65 to 74,2,38.5
Oesophagus,Female,15 to 44,3,56.5
Oesophagus,Female,45 to 54,3,34.1
Oesophagus,Female,55 to 64,3,34.9
Oesophagus,Female,65 to 74,3,31.4
Oesophagus,Female,55 to 64,4,29.8
Oesophagus,Female,65 to 74,4,27.9
Oesophagus,Female,55 to 64,5,28.4
Oesophagus,Female,65 to 74,5,24.7
Oesophagus,Female,15 to 44,1,36.4
Oesophagus,Female,45 to 54,1,29.4
Oesophagus,Female,55 to 64,1,30.4
Oesophagus,Female,65 to 74,1,25.8
Oesophagus,Female,55 to 64,2,11.9
Oesophagus,Female,65 to 74,2,11.1
Oesophagus,Female,65 to 74,3,6.7
Oesophagus,Female,65 to 74,4,5
Oesophagus,Male,55 to 64,1,92.7
Oesophagus,Male,65 to 74,1,90.4
Oesophagus,Male,55 to 64,2,84.7
Oesophagus,Male,65 to 74,2,80.8
Oesophagus,Male,55 to 64,3,78.7
Oesophagus,Male,65 to 74,3,73.8
Oesophagus,Male,55 to 64,4,73.8
Oesophagus,Male,65 to 74,4,68.2
Oesophagus,Male,55 to 64,5,67.5
Oesophagus,Male,65 to 74,5,64.6
Oesophagus,Male,15 to 44,1,71.5
Oesophagus,Male,45 to 54,1,82.6
Oesophagus,Male,55 to 64,1,80.6
Oesophagus,Male,65 to 74,1,76.5
Oesophagus,Male,15 to 44,2,65.4
Oesophagus,Male,45 to 54,2,63.2
Oesophagus,Male,55 to 64,2,59.7
Oesophagus,Male,65 to 74,2,55.9
Oesophagus,Male,15 to 44,3,52.9
Oesophagus,Male,45 to 54,3,48
Oesophagus,Male,55 to 64,3,48.9
Oesophagus,Male,65 to 74,3,43.4
Oesophagus,Male,55 to 64,4,42.4
Oesophagus,Male,65 to 74,4,37.7
Oesophagus,Male,55 to 64,5,40.3
Oesophagus,Male,65 to 74,5,32.3
Oesophagus,Male,15 to 44,1,76.9
Oesophagus,Male,45 to 54,1,71.8
Oesophagus,Male,55 to 64,1,68
Oesophagus,Male,65 to 74,1,64.4
Oesophagus,Male,15 to 44,2,55.2
Oesophagus,Male,45 to 54,2,45.9
Oesophagus,Male,55 to 64,2,40.9
Oesophagus,Male,65 to 74,2,39.4
Oesophagus,Male,15 to 44,3,42.1
Oesophagus,Male,45 to 54,3,32.8
Oesophagus,Male,55 to 64,3,30.9
Oesophagus,Male,65 to 74,3,28.3
Oesophagus,Male,55 to 64,4,24.8
Oesophagus,Male,65 to 74,4,22.6
Oesophagus,Male,55 to 64,5,21.6
Oesophagus,Male,65 to 74,5,19.8
Oesophagus,Male,15 to 44,1,34.8
Oesophagus,Male,45 to 54,1,32.1
Oesophagus,Male,55 to 64,1,31.4
Oesophagus,Male,65 to 74,1,26.4
Oesophagus,Male,15 to 44,2,17.3
Oesophagus,Male,45 to 54,2,13.5
Oesophagus,Male,55 to 64,2,12.7
Oesophagus,Male,65 to 74,2,10.3
Oesophagus,Male,55 to 64,3,5.8
Oesophagus,Male,65 to 74,3,5.9
Oesophagus,Male,55 to 64,4,4.1
Oesophagus,Male,65 to 74,4,4.4
Oesophagus,Male,65 to 74,5,4.2
Ovary,Female,15 to 44,1,99.6
Ovary,Female,45 to 54,1,99.1
Ovary,Female,55 to 64,1,98.7
Ovary,Female,65 to 74,1,98.5
Ovary,Female,15 to 44,2,98.7
Ovary,Female,45 to 54,2,97.2
Ovary,Female,55 to 64,2,97.4
Ovary,Female,65 to 74,2,97.3
Ovary,Female,15 to 44,3,98
Ovary,Female,45 to 54,3,95.6
Ovary,Female,55 to 64,3,95
Ovary,Female,65 to 74,3,95.8
Ovary,Female,15 to 44,4,97.4
Ovary,Female,45 to 54,4,94.4
Ovary,Female,55 to 64,4,94.5
Ovary,Female,65 to 74,4,94.2
Ovary,Female,15 to 44,5,97
Ovary,Female,45 to 54,5,92.6
Ovary,Female,55 to 64,5,93.7
Ovary,Female,65 to 74,5,92.5
Ovary,Female,15 to 44,1,96.3
Ovary,Female,45 to 54,1,96.2
Ovary,Female,55 to 64,1,96.8
Ovary,Female,65 to 74,1,92.9
Ovary,Female,15 to 44,2,92.5
Ovary,Female,45 to 54,2,92.6
Ovary,Female,55 to 64,2,90.3
Ovary,Female,65 to 74,2,88.2
Ovary,Female,15 to 44,3,90.3
Ovary,Female,45 to 54,3,88.1
Ovary,Female,55 to 64,3,87.6
Ovary,Female,65 to 74,3,81.3
Ovary,Female,15 to 44,4,90.4
Ovary,Female,45 to 54,4,84.6
Ovary,Female,55 to 64,4,83.7
Ovary,Female,65 to 74,4,73.2
Ovary,Female,55 to 64,5,73.7
Ovary,Female,65 to 74,5,68.7
Ovary,Female,15 to 44,1,90.8
Ovary,Female,45 to 54,1,88.5
Ovary,Female,55 to 64,1,85.3
Ovary,Female,65 to 74,1,77.9
Ovary,Female,15 to 44,2,84.3
Ovary,Female,45 to 54,2,77.1
Ovary,Female,55 to 64,2,70.2
Ovary,Female,65 to 74,2,61.9
Ovary,Female,15 to 44,3,74.8
Ovary,Female,45 to 54,3,65.4
Ovary,Female,55 to 64,3,55.6
Ovary,Female,65 to 74,3,48.1
Ovary,Female,15 to 44,4,69.3
Ovary,Female,45 to 54,4,56.2
Ovary,Female,55 to 64,4,45.6
Ovary,Female,65 to 74,4,38.2
Ovary,Female,15 to 44,5,62.6
Ovary,Female,45 to 54,5,48.7
Ovary,Female,55 to 64,5,37.1
Ovary,Female,65 to 74,5,30
Ovary,Female,15 to 44,1,66.9
Ovary,Female,45 to 54,1,75.3
Ovary,Female,55 to 64,1,71
Ovary,Female,65 to 74,1,59.9
Ovary,Female,15 to 44,2,53.7
Ovary,Female,45 to 54,2,56.3
Ovary,Female,55 to 64,2,50.1
Ovary,Female,65 to 74,2,42
Ovary,Female,15 to 44,3,47.1
Ovary,Female,45 to 54,3,43.5
Ovary,Female,55 to 64,3,36.3
Ovary,Female,65 to 74,3,29.5
Ovary,Female,15 to 44,4,38.2
Ovary,Female,45 to 54,4,34.6
Ovary,Female,55 to 64,4,26.7
Ovary,Female,65 to 74,4,21.6
Ovary,Female,15 to 44,5,31.6
Ovary,Female,45 to 54,5,28.2
Ovary,Female,55 to 64,5,18.7
Ovary,Female,65 to 74,5,17.3
Prostate,Male,55 to 64,1,100.2
Prostate,Male,65 to 74,1,100.5
Prostate,Male,75 to 84,1,101.7
Prostate,Male,85 to 99,1,103.8
Prostate,Male,55 to 64,2,100.4
Prostate,Male,85 to 99,2,104.9
Prostate,Male,55 to 64,3,100.7
Prostate,Male,85 to 99,3,105.3
Prostate,Male,55 to 64,4,100.7
Prostate,Male,85 to 99,4,105.9
Prostate,Male,55 to 64,5,100.9
Prostate,Male,85 to 99,5,105.6
Prostate,Male,55 to 64,1,100.3
Prostate,Male,65 to 74,1,100.6
Prostate,Male,75 to 84,1,101.9
Prostate,Male,85 to 99,1,104.7
Prostate,Male,55 to 64,2,100.3
Prostate,Male,85 to 99,2,103.6
Prostate,Male,55 to 64,3,100.6
Prostate,Male,85 to 99,3,103.3
Prostate,Male,55 to 64,4,100.9
Prostate,Male,85 to 99,4,101.7
Prostate,Male,55 to 64,5,101.1
Prostate,Male,85 to 99,5,99.1
Prostate,Male,55 to 64,1,100.1
Prostate,Male,65 to 74,1,100.5
Prostate,Male,75 to 84,1,101.1
Prostate,Male,85 to 99,1,100.2
Prostate,Male,55 to 64,2,100.1
Prostate,Male,65 to 74,2,100.5
Prostate,Male,75 to 84,2,100.5
Prostate,Male,85 to 99,2,96.9
Prostate,Male,55 to 64,3,99.8
Prostate,Male,65 to 74,3,100.1
Prostate,Male,75 to 84,3,99.6
Prostate,Male,85 to 99,3,92
Prostate,Male,55 to 64,4,99.4
Prostate,Male,65 to 74,4,99.6
Prostate,Male,75 to 84,4,98.4
Prostate,Male,85 to 99,4,90.1
Prostate,Male,55 to 64,5,99
Prostate,Male,65 to 74,5,99.2
Prostate,Male,75 to 84,5,96.1
Prostate,Male,85 to 99,5,81.9
Prostate,Male,55 to 64,1,94.2
Prostate,Male,65 to 74,1,91.6
Prostate,Male,75 to 84,1,84.6
Prostate,Male,85 to 99,1,70.6
Prostate,Male,55 to 64,2,83.9
Prostate,Male,65 to 74,2,80.7
Prostate,Male,75 to 84,2,69.7
Prostate,Male,85 to 99,2,52.6
Prostate,Male,55 to 64,3,74.8
Prostate,Male,65 to 74,3,71
Prostate,Male,75 to 84,3,59.6
Prostate,Male,85 to 99,3,42.2
Prostate,Male,55 to 64,4,66.7
Prostate,Male,65 to 74,4,63
Prostate,Male,75 to 84,4,51.2
Prostate,Male,85 to 99,4,33.5
Prostate,Male,55 to 64,5,59.8
Prostate,Male,65 to 74,5,55.9
Prostate,Male,75 to 84,5,43.9
Prostate,Male,85 to 99,5,27.4
Rectal,Female,15 to 44,1,98.9
Rectal,Female,45 to 54,1,99.7
Rectal,Female,55 to 64,1,99.6
Rectal,Female,65 to 74,1,99.4
Rectal,Female,15 to 44,2,98.4
Rectal,Female,45 to 54,2,99.7
Rectal,Female,55 to 64,2,98.7
Rectal,Female,65 to 74,2,98.1
Rectal,Female,15 to 44,3,96.9
Rectal,Female,45 to 54,3,99.2
Rectal,Female,55 to 64,3,97.8
Rectal,Female,65 to 74,3,98.1
Rectal,Female,15 to 44,4,93.3
Rectal,Female,45 to 54,4,99
Rectal,Female,55 to 64,4,97.8
Rectal,Female,65 to 74,4,96.5
Rectal,Female,55 to 64,5,96
Rectal,Female,65 to 74,5,94.3
Rectal,Female,15 to 44,1,100
Rectal,Female,45 to 54,1,97.6
Rectal,Female,55 to 64,1,98
Rectal,Female,65 to 74,1,94
Rectal,Female,15 to 44,2,96.8
Rectal,Female,45 to 54,2,95
Rectal,Female,55 to 64,2,95.5
Rectal,Female,65 to 74,2,89.1
Rectal,Female,15 to 44,3,94.6
Rectal,Female,45 to 54,3,93
Rectal,Female,55 to 64,3,92.5
Rectal,Female,65 to 74,3,83.2
Rectal,Female,15 to 44,4,93
Rectal,Female,45 to 54,4,88.6
Rectal,Female,55 to 64,4,90.1
Rectal,Female,65 to 74,4,82
Rectal,Female,15 to 44,5,87.9
Rectal,Female,45 to 54,5,86.8
Rectal,Female,55 to 64,5,88.6
Rectal,Female,65 to 74,5,79.8
Rectal,Female,15 to 44,1,96
Rectal,Female,45 to 54,1,96.9
Rectal,Female,55 to 64,1,96.8
Rectal,Female,65 to 74,1,94
Rectal,Female,15 to 44,2,90.5
Rectal,Female,45 to 54,2,90.2
Rectal,Female,55 to 64,2,91.6
Rectal,Female,65 to 74,2,86.9
Rectal,Female,15 to 44,3,82.2
Rectal,Female,45 to 54,3,85.5
Rectal,Female,55 to 64,3,87.2
Rectal,Female,65 to 74,3,81.4
Rectal,Female,15 to 44,4,76.5
Rectal,Female,45 to 54,4,82.1
Rectal,Female,55 to 64,4,82.3
Rectal,Female,65 to 74,4,76.9
Rectal,Female,15 to 44,5,72.7
Rectal,Female,45 to 54,5,81
Rectal,Female,55 to 64,5,78.6
Rectal,Female,65 to 74,5,73.7
Rectal,Female,15 to 44,1,66.1
Rectal,Female,45 to 54,1,68.6
Rectal,Female,55 to 64,1,63.8
Rectal,Female,65 to 74,1,49.6
Rectal,Female,15 to 44,2,39.9
Rectal,Female,45 to 54,2,45.3
Rectal,Female,55 to 64,2,40.2
Rectal,Female,65 to 74,2,32.6
Rectal,Female,15 to 44,3,26.9
Rectal,Female,45 to 54,3,32.3
Rectal,Female,55 to 64,3,26.9
Rectal,Female,65 to 74,3,21
Rectal,Female,15 to 44,4,22.7
Rectal,Female,45 to 54,4,26.1
Rectal,Female,55 to 64,4,21.6
Rectal,Female,65 to 74,4,16.7
Rectal,Female,55 to 64,5,15.8
Rectal,Female,65 to 74,5,13.2
Rectal,Male,15 to 44,1,98.9
Rectal,Male,45 to 54,1,99
Rectal,Male,55 to 64,1,99
Rectal,Male,65 to 74,1,98.3
Rectal,Male,15 to 44,2,98.5
Rectal,Male,45 to 54,2,98.5
Rectal,Male,55 to 64,2,98.2
Rectal,Male,65 to 74,2,97.1
Rectal,Male,55 to 64,3,97.2
Rectal,Male,65 to 74,3,96
Rectal,Male,55 to 64,4,96.4
Rectal,Male,65 to 74,4,94
Rectal,Male,55 to 64,5,95.2
Rectal,Male,65 to 74,5,93.4
Rectal,Male,15 to 44,1,96.7
Rectal,Male,45 to 54,1,98.7
Rectal,Male,55 to 64,1,97.5
Rectal,Male,65 to 74,1,94.2
Rectal,Male,15 to 44,2,90.9
Rectal,Male,45 to 54,2,93.6
Rectal,Male,55 to 64,2,94.7
Rectal,Male,65 to 74,2,89.9
Rectal,Male,15 to 44,3,86.3
Rectal,Male,45 to 54,3,88.4
Rectal,Male,55 to 64,3,90.5
Rectal,Male,65 to 74,3,85.7
Rectal,Male,15 to 44,4,83.8
Rectal,Male,45 to 54,4,85.6
Rectal,Male,55 to 64,4,87.5
Rectal,Male,65 to 74,4,82.9
Rectal,Male,15 to 44,5,81.3
Rectal,Male,45 to 54,5,78.4
Rectal,Male,55 to 64,5,85.9
Rectal,Male,65 to 74,5,79.4
Rectal,Male,15 to 44,1,95.5
Rectal,Male,45 to 54,1,95.6
Rectal,Male,55 to 64,1,95.2
Rectal,Male,65 to 74,1,94.3
Rectal,Male,15 to 44,2,89.1
Rectal,Male,45 to 54,2,89.3
Rectal,Male,55 to 64,2,89.1
Rectal,Male,65 to 74,2,86.1
Rectal,Male,15 to 44,3,82.6
Rectal,Male,45 to 54,3,83.9
Rectal,Male,55 to 64,3,81.7
Rectal,Male,65 to 74,3,77.6
Rectal,Male,15 to 44,4,79.5
Rectal,Male,45 to 54,4,78.2
Rectal,Male,55 to 64,4,77
Rectal,Male,65 to 74,4,72.9
Rectal,Male,15 to 44,5,74.4
Rectal,Male,45 to 54,5,74.7
Rectal,Male,55 to 64,5,72.5
Rectal,Male,65 to 74,5,70.4
Rectal,Male,15 to 44,1,65.6
Rectal,Male,45 to 54,1,69
Rectal,Male,55 to 64,1,61.3
Rectal,Male,65 to 74,1,56.8
Rectal,Male,15 to 44,2,43.9
Rectal,Male,45 to 54,2,43.9
Rectal,Male,55 to 64,2,41
Rectal,Male,65 to 74,2,37.1
Rectal,Male,15 to 44,3,26.2
Rectal,Male,45 to 54,3,29.3
Rectal,Male,55 to 64,3,27.9
Rectal,Male,65 to 74,3,24.9
Rectal,Male,15 to 44,4,22.5
Rectal,Male,45 to 54,4,19.2
Rectal,Male,55 to 64,4,19.7
Rectal,Male,65 to 74,4,17.7
Rectal,Male,15 to 44,5,19.5
Rectal,Male,45 to 54,5,14.6
Rectal,Male,55 to 64,5,14.8
Rectal,Male,65 to 74,5,14.6
Stomach,Female,55 to 64,1,96.8
Stomach,Female,65 to 74,1,91
Stomach,Female,55 to 64,2,92.6
Stomach,Female,65 to 74,2,82.5
Stomach,Female,55 to 64,3,87.7
Stomach,Female,65 to 74,3,80.7
Stomach,Female,65 to 74,4,78.7
Stomach,Female,65 to 74,5,78.4
Stomach,Female,15 to 44,1,94.4
Stomach,Female,45 to 54,1,82.6
Stomach,Female,55 to 64,1,85.3
Stomach,Female,65 to 74,1,81.9
Stomach,Female,15 to 44,2,74.1
Stomach,Female,45 to 54,2,58
Stomach,Female,55 to 64,2,68.4
Stomach,Female,65 to 74,2,63.9
Stomach,Female,15 to 44,3,70.3
Stomach,Female,45 to 54,3,49.8
Stomach,Female,55 to 64,3,59
Stomach,Female,65 to 74,3,56.4
Stomach,Female,55 to 64,4,54.3
Stomach,Female,65 to 74,4,53.8
Stomach,Female,55 to 64,5,50.1
Stomach,Female,65 to 74,5,47.4
Stomach,Female,15 to 44,1,71.5
Stomach,Female,45 to 54,1,80.9
Stomach,Female,55 to 64,1,74.9
Stomach,Female,65 to 74,1,67.7
Stomach,Female,15 to 44,2,49.4
Stomach,Female,45 to 54,2,55.5
Stomach,Female,55 to 64,2,46.7
Stomach,Female,65 to 74,2,48.1
Stomach,Female,55 to 64,3,38.9
Stomach,Female,65 to 74,3,38.2
Stomach,Female,55 to 64,4,33.1
Stomach,Female,65 to 74,4,33.9
Stomach,Female,15 to 44,1,31.4
Stomach,Female,45 to 54,1,31.4
Stomach,Female,55 to 64,1,26.9
Stomach,Female,65 to 74,1,28.7
Stomach,Female,55 to 64,2,11.6
Stomach,Female,65 to 74,2,13.3
Stomach,Female,65 to 74,3,8
Stomach,Female,65 to 74,4,5.1
Stomach,Male,15 to 44,1,95.1
Stomach,Male,45 to 54,1,96.4
Stomach,Male,55 to 64,1,92.5
Stomach,Male,65 to 74,1,92.2
Stomach,Male,15 to 44,2,90
Stomach,Male,45 to 54,2,88.9
Stomach,Male,55 to 64,2,84.2
Stomach,Male,65 to 74,2,84.5
Stomach,Male,55 to 64,3,77.8
Stomach,Male,65 to 74,3,79.8
Stomach,Male,55 to 64,4,75.1
Stomach,Male,65 to 74,4,76.4
Stomach,Male,55 to 64,5,72.6
Stomach,Male,65 to 74,5,71
Stomach,Male,15 to 44,1,90.3
Stomach,Male,45 to 54,1,87.7
Stomach,Male,55 to 64,1,81.3
Stomach,Male,65 to 74,1,80.8
Stomach,Male,15 to 44,2,68.2
Stomach,Male,45 to 54,2,72.7
Stomach,Male,55 to 64,2,62.5
Stomach,Male,65 to 74,2,60
Stomach,Male,15 to 44,3,58.3
Stomach,Male,45 to 54,3,63.3
Stomach,Male,55 to 64,3,50.6
Stomach,Male,65 to 74,3,46.6
Stomach,Male,55 to 64,4,45
Stomach,Male,65 to 74,4,43.2
Stomach,Male,55 to 64,5,41.1
Stomach,Male,65 to 74,5,39.9
Stomach,Male,15 to 44,1,72.1
Stomach,Male,45 to 54,1,83.3
Stomach,Male,55 to 64,1,78.5
Stomach,Male,65 to 74,1,68.9
Stomach,Male,15 to 44,2,52.1
Stomach,Male,45 to 54,2,54.6
Stomach,Male,55 to 64,2,52.6
Stomach,Male,65 to 74,2,42.2
Stomach,Male,15 to 44,3,39.9
Stomach,Male,45 to 54,3,44
Stomach,Male,55 to 64,3,42.6
Stomach,Male,65 to 74,3,33.8
Stomach,Male,15 to 44,4,35
Stomach,Male,45 to 54,4,40.1
Stomach,Male,55 to 64,4,36.7
Stomach,Male,65 to 74,4,27.3
Stomach,Male,55 to 64,5,35.2
Stomach,Male,65 to 74,5,25.3
Stomach,Male,15 to 44,1,35
Stomach,Male,45 to 54,1,29.9
Stomach,Male,55 to 64,1,29.5
Stomach,Male,65 to 74,1,25
Stomach,Male,15 to 44,2,20.8
Stomach,Male,45 to 54,2,13.2
Stomach,Male,55 to 64,2,11.8
Stomach,Male,65 to 74,2,8.8
Stomach,Male,15 to 44,3,16.3
Stomach,Male,45 to 54,3,9.1
Stomach,Male,55 to 64,3,7.3
Stomach,Male,65 to 74,3,4.7
Stomach,Male,55 to 64,4,5.3
Stomach,Male,65 to 74,4,3.8
Stomach,Male,55 to 64,5,4.8
Stomach,Male,65 to 74,5,3.5
Testis,Male,15 to 44,1,100
Testis,Male,45 to 54,1,99.9
Testis,Male,55 to 64,1,99.5
Testis,Male,65 to 74,1,99.9
Testis,Male,15 to 44,2,99.9
Testis,Male,45 to 54,2,99.9
Testis,Male,55 to 64,2,99.9
Testis,Male,65 to 74,2,99.9
Testis,Male,15 to 44,3,99.8
Testis,Male,45 to 54,3,99.9
Testis,Male,55 to 64,3,100
Testis,Male,65 to 74,3,99.8
Testis,Male,15 to 44,4,99.8
Testis,Male,45 to 54,4,99.5
Testis,Male,65 to 74,4,98.5
Testis,Male,15 to 44,5,99.8
Testis,Male,45 to 54,5,99
Testis,Male,15 to 44,1,99.7
Testis,Male,45 to 54,1,97.2
Testis,Male,55 to 64,1,95.5
Testis,Male,15 to 44,2,99.1
Testis,Male,45 to 54,2,97.6
Testis,Male,65 to 74,2,83.5
Testis,Male,15 to 44,3,98.3
Testis,Male,45 to 54,3,92.4
Testis,Male,65 to 74,3,84.6
Testis,Male,15 to 44,1,91.7
Testis,Male,45 to 54,1,86.2
Testis,Male,55 to 64,1,87.9
Testis,Male,15 to 44,2,85
Testis,Male,45 to 54,2,77.9
Testis,Male,55 to 64,2,82.9
Testis,Male,15 to 44,3,83.7
Testis,Male,45 to 54,3,74.6
Testis,Male,55 to 64,3,74.4
Testis,Male,15 to 44,1,89.1
Testis,Male,45 to 54,1,63.9
Testis,Male,15 to 44,2,84.3
Thyroid,Female,15 to 44,1,99.9
Thyroid,Female,45 to 54,1,99.9
Thyroid,Female,55 to 64,1,100.1
Thyroid,Female,65 to 74,1,100
Thyroid,Female,15 to 44,2,99.9
Thyroid,Female,45 to 54,2,99.8
Thyroid,Female,55 to 64,2,99.6
Thyroid,Female,65 to 74,2,98.9
Thyroid,Female,55 to 64,3,99.2
Thyroid,Female,65 to 74,3,97.7
Thyroid,Female,55 to 64,4,97.6
Thyroid,Female,65 to 74,4,94.7
Thyroid,Female,55 to 64,1,99.4
Thyroid,Female,65 to 74,1,100.1
Thyroid,Female,55 to 64,2,99.4
Thyroid,Female,65 to 74,2,99
Thyroid,Female,65 to 74,3,99.1
Thyroid,Female,55 to 64,1,99.4
Thyroid,Female,65 to 74,1,99.3
Thyroid,Female,55 to 64,2,98.3
Thyroid,Female,65 to 74,2,99.9
Thyroid,Female,55 to 64,3,96.6
Thyroid,Female,65 to 74,3,99
Thyroid,Female,55 to 64,4,96.6
Thyroid,Female,65 to 74,4,99.2
Thyroid,Female,55 to 64,5,95.8
Thyroid,Female,65 to 74,5,97.4
Thyroid,Female,15 to 44,1,93
Thyroid,Female,45 to 54,1,90.2
Thyroid,Female,55 to 64,1,74.3
Thyroid,Female,65 to 74,1,58.7
Thyroid,Female,15 to 44,2,86.2
Thyroid,Female,45 to 54,2,88.7
Thyroid,Female,55 to 64,2,69.8
Thyroid,Female,65 to 74,2,48.3
Thyroid,Female,55 to 64,3,67.9
Thyroid,Female,65 to 74,3,47.2
Thyroid,Female,55 to 64,4,65.3
Thyroid,Female,65 to 74,4,43.6
Thyroid,Female,65 to 74,5,40.3
Thyroid,Male,15 to 44,1,100.1
Thyroid,Male,45 to 54,1,99.6
Thyroid,Male,55 to 64,1,98.3
Thyroid,Male,65 to 74,1,97
Thyroid,Male,15 to 44,2,99.9
Thyroid,Male,45 to 54,2,98.9
Thyroid,Male,55 to 64,2,95.9
Thyroid,Male,65 to 74,2,96.8
Thyroid,Male,55 to 64,3,95.9
Thyroid,Male,65 to 74,3,91.5
Thyroid,Male,55 to 64,4,95.6
Thyroid,Male,65 to 74,4,88.4
Thyroid,Male,55 to 64,5,91.4
Thyroid,Male,65 to 74,5,85
Thyroid,Male,55 to 64,1,99.9
Thyroid,Male,65 to 74,1,99.1
Thyroid,Male,55 to 64,2,99.2
Thyroid,Male,65 to 74,2,98.8
Thyroid,Male,65 to 74,3,92.5
Thyroid,Male,65 to 74,4,90.7
Thyroid,Male,65 to 74,5,89.1
Thyroid,Male,55 to 64,1,99.2
Thyroid,Male,65 to 74,1,96.3
Thyroid,Male,55 to 64,2,99
Thyroid,Male,65 to 74,2,94.4
Thyroid,Male,55 to 64,3,98.3
Thyroid,Male,65 to 74,3,93.2
Thyroid,Male,65 to 74,4,93.9
Thyroid,Male,55 to 64,1,75.7
Thyroid,Male,65 to 74,1,65.7
Thyroid,Male,55 to 64,2,71.6
Thyroid,Male,65 to 74,2,57.9
Thyroid,Male,55 to 64,3,69.5
Thyroid,Male,65 to 74,3,54.4
Thyroid,Male,55 to 64,4,69.2
Thyroid,Male,65 to 74,4,48.1
Thyroid,Male,55 to 64,5,63.1
Thyroid,Male,65 to 74,5,43.8
Uterus,Female,15 to 44,1,99.6
Uterus,Female,45 to 54,1,98.8
Uterus,Female,55 to 64,1,99.4
Uterus,Female,65 to 74,1,99.2
Uterus,Female,15 to 44,2,98.6
Uterus,Female,45 to 54,2,98
Uterus,Female,55 to 64,2,98.1
Uterus,Female,65 to 74,2,97
Uterus,Female,15 to 44,3,97
Uterus,Female,45 to 54,3,97.3
Uterus,Female,55 to 64,3,96.8
Uterus,Female,65 to 74,3,94.7
Uterus,Female,15 to 44,4,96.9
Uterus,Female,45 to 54,4,96.7
Uterus,Female,55 to 64,4,96.1
Uterus,Female,65 to 74,4,92.7
Uterus,Female,55 to 64,5,94.9
Uterus,Female,65 to 74,5,91.3
Uterus,Female,15 to 44,1,95.9
Uterus,Female,45 to 54,1,97.3
Uterus,Female,55 to 64,1,96.5
Uterus,Female,65 to 74,1,96.3
Uterus,Female,15 to 44,2,92.9
Uterus,Female,45 to 54,2,92.8
Uterus,Female,55 to 64,2,92.9
Uterus,Female,65 to 74,2,89.6
Uterus,Female,55 to 64,3,87.4
Uterus,Female,65 to 74,3,81.2
Uterus,Female,55 to 64,4,81.7
Uterus,Female,65 to 74,4,76.5
Uterus,Female,55 to 64,5,81
Uterus,Female,65 to 74,5,72.3
Uterus,Female,15 to 44,1,87.7
Uterus,Female,45 to 54,1,88.6
Uterus,Female,55 to 64,1,88
Uterus,Female,65 to 74,1,84
Uterus,Female,15 to 44,2,81.5
Uterus,Female,45 to 54,2,80.3
Uterus,Female,55 to 64,2,76.2
Uterus,Female,65 to 74,2,66.7
Uterus,Female,15 to 44,3,76.8
Uterus,Female,45 to 54,3,77.4
Uterus,Female,55 to 64,3,66.4
Uterus,Female,65 to 74,3,55.8
Uterus,Female,55 to 64,4,60.7
Uterus,Female,65 to 74,4,47.3
Uterus,Female,55 to 64,5,59.1
Uterus,Female,65 to 74,5,42.6
Uterus,Female,15 to 44,1,60.4
Uterus,Female,45 to 54,1,57.1
Uterus,Female,55 to 64,1,56.9
Uterus,Female,65 to 74,1,47
Uterus,Female,15 to 44,2,46
Uterus,Female,45 to 54,2,34.6
Uterus,Female,55 to 64,2,34.3
Uterus,Female,65 to 74,2,28.5
Uterus,Female,15 to 44,3,46
Uterus,Female,45 to 54,3,27.2
Uterus,Female,55 to 64,3,25.1
Uterus,Female,65 to 74,3,21
Uterus,Female,55 to 64,4,19.3
Uterus,Female,65 to 74,4,15.2
Uterus,Female,55 to 64,5,15.2
Uterus,Female,65 to 74,5,11.1
Vulva,Female,55 to 64,1,97.2
Vulva,Female,65 to 74,1,96.8
Vulva,Female,55 to 64,2,93.5
Vulva,Female,65 to 74,2,91.1
Vulva,Female,55 to 64,3,89.7
Vulva,Female,65 to 74,3,89.9
Vulva,Female,55 to 64,4,87.6
Vulva,Female,65 to 74,4,88.6
Vulva,Female,55 to 64,5,85.8
Vulva,Female,65 to 74,5,84.9
Vulva,Female,55 to 64,1,93.7
Vulva,Female,65 to 74,1,92.9
Vulva,Female,55 to 64,2,82
Vulva,Female,65 to 74,2,76.9
Vulva,Female,65 to 74,3,65.8
Vulva,Female,65 to 74,4,54.9
Vulva,Female,15 to 44,1,94.2
Vulva,Female,45 to 54,1,89.1
Vulva,Female,55 to 64,1,87.7
Vulva,Female,65 to 74,1,80.1
Vulva,Female,15 to 44,2,81.2
Vulva,Female,45 to 54,2,75.6
Vulva,Female,55 to 64,2,73.3
Vulva,Female,65 to 74,2,53.2
Vulva,Female,15 to 44,3,72.7
Vulva,Female,45 to 54,3,72.3
Vulva,Female,55 to 64,3,67.3
Vulva,Female,65 to 74,3,48.5
Vulva,Female,15 to 44,4,68
Vulva,Female,45 to 54,4,69.8
Vulva,Female,55 to 64,4,56.3
Vulva,Female,65 to 74,4,45.3
Vulva,Female,65 to 74,5,41.5
Vulva,Female,55 to 64,1,68.2
Vulva,Female,65 to 74,1,39.3
Vulva,Female,45 to 54,2,55.2
Vulva,Female,55 to 64,2,46.6
Vulva,Female,55 to 64,3,44.3
